archiveType,climateInterpretation_variable,dataSetName,geo_meanElev,geo_meanLat,geo_meanLon,geo_siteName,originalDataURL,originalDatabase,paleoData_notes,paleoData_proxy,paleoData_sensorSpecies,paleoData_units,yearUnits,datasetId
coral,n/a,CH03BUN01,-3.0,1.5,124.83000183105469,"Bunaken Island, Indonesia",https://www.ncdc.noaa.gov/paleo/study/1903,CoralHydro2k v1.0.0,This paper did not calibrate the d18O proxy or reconstruct temperature. It instead analyzed variability through time by directly using the d18O proxy.,d18O,n/a,permil,CE,ch2k_CH03BUN010_0
coral,n/a,ZI15MER01,-17.0,-17.100000381469727,119.5999984741211,"Rowley Shoals, Australia",https://www.ncdc.noaa.gov/paleo/study/19239,CoralHydro2k v1.0.0,"Sr/Ca-SST recconstructed with composite plus scale method to ERSSTv3b, no regression applied",Sr/Ca,n/a,mmol/mol,CE,ch2k_ZI15MER012_1
coral,n/a,ZI15MER01,-17.0,-17.100000381469727,119.5999984741211,"Rowley Shoals, Australia",https://www.ncdc.noaa.gov/paleo/study/19239,CoralHydro2k v1.0.0,"Sr/Ca-SST recconstructed with composite plus scale method to ERSSTv3b, no regression applied",Sr/Ca,n/a,mmol/mol,CE,ch2k_ZI15MER014_2
coral,n/a,CO03PAL03,nan,5.869999885559082,-162.1300048828125,"Palmyra Island, United States Minor Outlying Islands",https://www.ncdc.noaa.gov/paleo/study/1875,CoralHydro2k v1.0.0,nan,d18O,n/a,permil,CE,ch2k_CO03PAL036_3
coral,n/a,CO03PAL02,nan,5.869999885559082,-162.1300048828125,"Palmyra Island, United States Minor Outlying Islands",https://www.ncdc.noaa.gov/paleo/study/1875,CoralHydro2k v1.0.0,nan,d18O,n/a,permil,CE,ch2k_CO03PAL028_4
coral,n/a,CA13PEL01,-5.5,15.977999687194824,-86.48500061035156,"Cayos Cochinos, Honduras",https://www.ncdc.noaa.gov/paleo/study/17378,CoralHydro2k v1.0.0,nan,d18O,n/a,permil,CE,ch2k_CA13PEL0110_5
coral,n/a,LI06RAR01,-18.0,-21.23780059814453,-159.8278045654297,"Rarotonga, Cook Islands",https://www.ncdc.noaa.gov/paleo/study/6089,CoralHydro2k v1.0.0,Individual coral records that are part of the Rarotonga composite,d18O,n/a,permil,CE,ch2k_LI06RAR0112_6
coral,n/a,CO03PAL07,nan,5.869999885559082,-162.1300048828125,"Palmyra Island, United States Minor Outlying Islands",https://www.ncdc.noaa.gov/paleo/study/1875,CoralHydro2k v1.0.0,nan,d18O,n/a,permil,CE,ch2k_CO03PAL0714_7
coral,n/a,FL18DTO03,-3.9000000953674316,24.702999114990234,-82.8479995727539,"Dry Tortugas, Florida, USA",https://www.ncdc.noaa.gov/paleo/study/34553,CoralHydro2k v1.0.0,nan,Sr/Ca,n/a,mmol/mol,CE,ch2k_FL18DTO0316_8
coral,n/a,SM06LKF02,-4.0,24.559999465942383,-81.41000366210938,"Looe Key, Florida, USA",https://www.ncdc.noaa.gov/paleo/study/29952,CoralHydro2k v1.0.0,nan,d18O,n/a,permil,CE,ch2k_SM06LKF0218_9
coral,n/a,SM06LKF02,-4.0,24.559999465942383,-81.41000366210938,"Looe Key, Florida, USA",https://www.ncdc.noaa.gov/paleo/study/29952,CoralHydro2k v1.0.0,nan,Sr/Ca,n/a,mmol/mol,CE,ch2k_SM06LKF0220_10
coral,n/a,UR00MAI01,-6.0,1.0,173.0,"Maiana, Republic of Kiribati",https://www.ncdc.noaa.gov/paleo/study/1859,CoralHydro2k v1.0.0,nan,d18O,n/a,permil,CE,ch2k_UR00MAI0122_11
coral,n/a,TU95MAD01,-0.20000000298023224,-5.21999979019165,145.82000732421875,"Madang Lagoon, Papua New Guinea",https://www.ncdc.noaa.gov/paleo/study/1844,CoralHydro2k v1.0.0,monthly correlations with SST not reported,d18O,n/a,permil,CE,ch2k_TU95MAD0124_12
coral,n/a,ZI04IFR01,-1.100000023841858,-23.149999618530273,43.58000183105469,"Ifaty Reef, Madagascar",https://www.ncdc.noaa.gov/paleo/study/1897,CoralHydro2k v1.0.0,Other calibration slopes are available in Zinke et al. 2004; 1920-1995 samples monthly; 1919-1658 sampled bimonthly,d18O,n/a,permil,CE,ch2k_ZI04IFR0126_13
coral,n/a,ZI04IFR01,-1.100000023841858,-23.149999618530273,43.58000183105469,"Ifaty Reef, Madagascar",https://www.ncdc.noaa.gov/paleo/study/1897,CoralHydro2k v1.0.0,Other calibration slopes are available in Zinke et al. 2004; 1920-1995 samples monthly; 1919-1658 sampled bimonthly,Sr/Ca,n/a,mmol/mol,CE,ch2k_ZI04IFR0128_14
coral,n/a,RE18CAY01,-9.0,19.700000762939453,-80.05999755859375,"Little Cayman, Cayman Islands",https://www.ncdc.noaa.gov/paleo/study/23850,CoralHydro2k v1.0.0,nan,d18O,n/a,permil,CE,ch2k_RE18CAY0130_15
coral,n/a,RE18CAY01,-9.0,19.700000762939453,-80.05999755859375,"Little Cayman, Cayman Islands",https://www.ncdc.noaa.gov/paleo/study/23850,CoralHydro2k v1.0.0,nan,Sr/Ca,n/a,mmol/mol,CE,ch2k_RE18CAY0132_16
coral,n/a,RE18CAY01,-9.0,19.700000762939453,-80.05999755859375,"Little Cayman, Cayman Islands",https://www.ncdc.noaa.gov/paleo/study/23850,CoralHydro2k v1.0.0,nan,Sr/Ca,n/a,mmol/mol,CE,ch2k_RE18CAY0134_17
coral,n/a,RE18CAY01,-9.0,19.700000762939453,-80.05999755859375,"Little Cayman, Cayman Islands",https://www.ncdc.noaa.gov/paleo/study/23850,CoralHydro2k v1.0.0,nan,d18O,n/a,permil,CE,ch2k_RE18CAY0136_18
coral,n/a,KU99HOU01,-5.0,-28.461700439453125,113.76830291748047,"Houtman Abrolhos Islands, Australia",https://www.ncdc.noaa.gov/paleo/study/1856,CoralHydro2k v1.0.0,"1953-1993 and 1961-1993 calibration periods, first with 0.13 slope, latter -0.17 slope",d18O,n/a,permil,CE,ch2k_KU99HOU0140_19
coral,n/a,OS13NLP01,-3.0,7.656899929046631,134.56509399414062,"Ngeralang, Palau",https://www.ncdc.noaa.gov/paleo/study/16338,CoralHydro2k v1.0.0,nan,d18O,n/a,permil,CE,ch2k_OS13NLP0142_20
coral,n/a,EV98KIR01,-9.0,2.0,-157.3000030517578,"Kiritimati (Christmas) Island, Republic of Kiribati",https://www.ncdc.noaa.gov/paleo/study/1847,CoralHydro2k v1.0.0,nan,d18O,n/a,permil,CE,ch2k_EV98KIR0144_21
coral,n/a,LI00RAR01,-18.299999237060547,-21.239999771118164,-159.8300018310547,"Rarotonga, Cook Islands",https://doi.org/10.1594/PANGAEA.874078,CoralHydro2k v1.0.0,Sr/Ca-SST calibrations listed were found in Linsley et al. 2004. The calibration from Linsley et al. 2000 is as follows: slope = -0.082; intercept = 11.568; rsq = 0.75,d18O,n/a,permil,CE,ch2k_LI00RAR0146_22
coral,n/a,LI00RAR01,-18.299999237060547,-21.239999771118164,-159.8300018310547,"Rarotonga, Cook Islands",https://doi.org/10.1594/PANGAEA.874078,CoralHydro2k v1.0.0,Sr/Ca-SST calibrations listed were found in Linsley et al. 2004. The calibration from Linsley et al. 2000 is as follows: slope = -0.082; intercept = 11.568; rsq = 0.75,Sr/Ca,n/a,mmol/mol,CE,ch2k_LI00RAR0148_23
coral,n/a,NU11PAL01,-9.0,5.867000102996826,-162.13299560546875,"Palmyra Island, United States Minor Outlying Islands",https://www.ncdc.noaa.gov/paleo/study/10373,CoralHydro2k v1.0.0,nan,d18O,n/a,permil,CE,ch2k_NU11PAL0152_24
coral,n/a,NU11PAL01,-9.0,5.867000102996826,-162.13299560546875,"Palmyra Island, United States Minor Outlying Islands",https://www.ncdc.noaa.gov/paleo/study/10373,CoralHydro2k v1.0.0,nan,Sr/Ca,n/a,mmol/mol,CE,ch2k_NU11PAL0154_25
coral,n/a,MA08DTO01,nan,24.61669921875,-82.86669921875,"Dry Tortugas, Florida, USA",https://www.ncdc.noaa.gov/paleo/study/34612,CoralHydro2k v1.0.0,nan,d18O,n/a,permil,CE,ch2k_MA08DTO0158_26
coral,n/a,MA08DTO01,nan,24.61669921875,-82.86669921875,"Dry Tortugas, Florida, USA",https://www.ncdc.noaa.gov/paleo/study/34612,CoralHydro2k v1.0.0,nan,Sr/Ca,n/a,mmol/mol,CE,ch2k_MA08DTO0160_27
coral,n/a,AB20MEN03,nan,-3.125999927520752,100.30899810791016,"Mentawai Islands, Indonesia",https://www.ncdc.noaa.gov/paleo/study/28451,CoralHydro2k v1.0.0,Fossil Coral,d18O,n/a,permil,CE,ch2k_AB20MEN0362_28
coral,n/a,CA14TIM01,-3.0,-10.199999809265137,123.51000213623047,"Timor, Indonesia",https://www.ncdc.noaa.gov/paleo/study/19179,CoralHydro2k v1.0.0,nan,d18O,n/a,permil,CE,ch2k_CA14TIM0164_29
coral,n/a,CA14TIM01,-3.0,-10.199999809265137,123.51000213623047,"Timor, Indonesia",https://www.ncdc.noaa.gov/paleo/study/19179,CoralHydro2k v1.0.0,nan,Sr/Ca,n/a,mmol/mol,CE,ch2k_CA14TIM0166_30
coral,n/a,KA17RYU01,-3.5,28.299999237060547,130.0,"Kikai Island, Japan",https://www.ncdc.noaa.gov/paleo/study/34372,CoralHydro2k v1.0.0,Core data is a composite of overlapping individual pieces and any replicate analyses. Data is seasonal min-max (Feb - Aug),Sr/Ca,n/a,mmol/mol,CE,ch2k_KA17RYU0170_31
coral,n/a,MC11KIR01,0.0,2.0,-157.3000030517578,"Kiritimati (Christmas) Island, Republic of Kiribati",https://www.ncdc.noaa.gov/paleo/study/12278,CoralHydro2k v1.0.0,nan,d18O,n/a,permil,CE,ch2k_MC11KIR0172_32
coral,n/a,AB20MEN09,nan,-3.1259000301361084,100.30940246582031,"Mentawai Islands, Indonesia",https://www.ncdc.noaa.gov/paleo/study/28451,CoralHydro2k v1.0.0,Fossil Coral,d18O,n/a,permil,CE,ch2k_AB20MEN0974_33
coral,n/a,HE08LRA01,-2.0,11.770000457763672,-66.75,"Cayo Sal, Los Roques Archipelago, Venezuela",https://www.ncdc.noaa.gov/paleo/study/12891,CoralHydro2k v1.0.0,nan,d18O,n/a,permil,CE,ch2k_HE08LRA0176_34
coral,n/a,DA06MAF01,-6.0,-8.01669979095459,39.5,"Fungu Mrima Reef, Tanzania",https://www.ncdc.noaa.gov/paleo/study/10808,CoralHydro2k v1.0.0,"One core, this record: younger part of core MAF00-01 at monthly resolution (1896-1998);  annual correlation based on 1897-1997 data",d18O,n/a,permil,CE,ch2k_DA06MAF0178_35
coral,n/a,SM06LKF01,-4.0,24.559999465942383,-81.41000366210938,"Looe Key, Florida, USA",https://www.ncdc.noaa.gov/paleo/study/29952,CoralHydro2k v1.0.0,"Due to chipping during initial sampling, the top 1.5 years were sampled in a parallel path and spliced into the rest of the record.",d18O,n/a,permil,CE,ch2k_SM06LKF0180_36
coral,n/a,SM06LKF01,-4.0,24.559999465942383,-81.41000366210938,"Looe Key, Florida, USA",https://www.ncdc.noaa.gov/paleo/study/29952,CoralHydro2k v1.0.0,"Due to chipping during initial sampling, the top 1.5 years were sampled in a parallel path and spliced into the rest of the record.",Sr/Ca,n/a,mmol/mol,CE,ch2k_SM06LKF0182_37
coral,n/a,NA09MAL01,-0.5,-3.200000047683716,40.099998474121094,"Malindi Marine Park, Kenya",https://www.ncdc.noaa.gov/paleo/study/12994,CoralHydro2k v1.0.0,"monthly correlations not reported, only assesed with IOD; used Cole et al. (2000) slope of -0.24",d18O,n/a,permil,CE,ch2k_NA09MAL0184_38
coral,n/a,SW98STP01,-4.0,1.6699999570846558,7.579999923706055,"Ponta Banana, Principe Island",https://www.ncdc.noaa.gov/paleo/study/1913,CoralHydro2k v1.0.0,nan,d18O,n/a,permil,CE,ch2k_SW98STP0186_39
coral,n/a,MU18GSI01,-10.0,-8.380000114440918,115.70999908447266,"Gili Selang, Bali, Indonesia",https://www.ncdc.noaa.gov/paleo/study/25290,CoralHydro2k v1.0.0,Sr/Ca-SST calibrations not published because of weak relationship for both GS and NP cores,d18O,n/a,permil,CE,ch2k_MU18GSI0188_40
coral,n/a,MU18GSI01,-10.0,-8.380000114440918,115.70999908447266,"Gili Selang, Bali, Indonesia",https://www.ncdc.noaa.gov/paleo/study/25290,CoralHydro2k v1.0.0,Sr/Ca-SST calibrations not published because of weak relationship for both GS and NP cores,Sr/Ca,n/a,mmol/mol,CE,ch2k_MU18GSI0190_41
coral,n/a,ZI14HOU01,-8.5,-28.459999084472656,113.75,"Houtman Abrolhos Islands, Australia",https://www.ncdc.noaa.gov/paleo/study/16316,CoralHydro2k v1.0.0,nan,d18O,n/a,permil,CE,ch2k_ZI14HOU0192_42
coral,n/a,ZI14HOU01,-8.5,-28.459999084472656,113.75,"Houtman Abrolhos Islands, Australia",https://www.ncdc.noaa.gov/paleo/study/16316,CoralHydro2k v1.0.0,nan,Sr/Ca,n/a,mmol/mol,CE,ch2k_ZI14HOU0194_43
coral,n/a,ZI14HOU01,-8.5,-28.459999084472656,113.75,"Houtman Abrolhos Islands, Australia",https://www.ncdc.noaa.gov/paleo/study/16316,CoralHydro2k v1.0.0,nan,Sr/Ca,n/a,mmol/mol,CE,ch2k_ZI14HOU0196_44
coral,n/a,ZI14HOU01,-8.5,-28.459999084472656,113.75,"Houtman Abrolhos Islands, Australia",https://www.ncdc.noaa.gov/paleo/study/16316,CoralHydro2k v1.0.0,nan,d18O,n/a,permil,CE,ch2k_ZI14HOU0198_45
coral,n/a,FL17DTO02,-3.0,24.698999404907227,-82.79900360107422,"Dry Tortugas, Florida, USA",https://www.ncdc.noaa.gov/paleo/study/34552,CoralHydro2k v1.0.0,nan,Sr/Ca,n/a,mmol/mol,CE,ch2k_FL17DTO02100_46
coral,n/a,FL17DTO02,-3.0,24.698999404907227,-82.79900360107422,"Dry Tortugas, Florida, USA",https://www.ncdc.noaa.gov/paleo/study/34552,CoralHydro2k v1.0.0,nan,Sr/Ca,n/a,mmol/mol,CE,ch2k_FL17DTO02102_47
coral,n/a,DA06MAF02,-6.0,-8.01669979095459,39.5,"Fungu Mrima Reef, Tanzania",https://www.ncdc.noaa.gov/paleo/study/10808,CoralHydro2k v1.0.0,"One core, this record: older part of core MAF00-01 at bimonthly resolution (1622-1722)",d18O,n/a,permil,CE,ch2k_DA06MAF02104_48
coral,n/a,SA19PAL02,-10.0,5.877999782562256,-162.14199829101562,"Palmyra Island, United States Minor Outlying Islands",https://www.ncdc.noaa.gov/paleo/study/34692,CoralHydro2k v1.0.0,nan,d18O,n/a,permil,CE,ch2k_SA19PAL02106_49
coral,n/a,SA19PAL02,-10.0,5.877999782562256,-162.14199829101562,"Palmyra Island, United States Minor Outlying Islands",https://www.ncdc.noaa.gov/paleo/study/34692,CoralHydro2k v1.0.0,nan,Sr/Ca,n/a,mmol/mol,CE,ch2k_SA19PAL02108_50
coral,n/a,CO03PAL01,nan,5.869999885559082,-162.1300048828125,"Palmyra Island, United States Minor Outlying Islands",https://www.ncdc.noaa.gov/paleo/study/1875,CoralHydro2k v1.0.0,nan,d18O,n/a,permil,CE,ch2k_CO03PAL01110_51
coral,n/a,ZI16ROD01,-4.0,-19.67099952697754,63.42900085449219,"Rodrigues, Republic of Mauritius",https://www.ncdc.noaa.gov/paleo/study/22991,CoralHydro2k v1.0.0,"Totor Sr/Ca core top performed well in many sections, others less good, especially core top since 1988 to 2006. Cabri was much better. There is a table with likely best section in Totor in paper",Sr/Ca,n/a,mmol/mol,CE,ch2k_ZI16ROD01112_52
coral,n/a,OS13NGP01,-3.0,7.406400203704834,134.435302734375,"Ngaragabel, Palau",https://www.ncdc.noaa.gov/paleo/study/16338,CoralHydro2k v1.0.0,"Multiple linear regression analyses using monthly (non-detrended) anomalies for coral and instrumental SST and SSS data for the period 1970 to 2008. For NGB core, regression equation is: d18O_anom = 0.15 (0.03)*SST + 0.36 (0.07)*SSS.n",d18O,n/a,permil,CE,ch2k_OS13NGP01114_53
coral,n/a,CH98PIR01,-1.0,22.600000381469727,70.0,"Pirotan Island, Gujarat, India",https://www.ncdc.noaa.gov/paleo/study/1901,CoralHydro2k v1.0.0,"slope is not calculated, reported slope from Weber and Woodhead is used of -0.24",d18O,n/a,permil,CE,ch2k_CH98PIR01116_54
coral,n/a,RE19GBR02,-2.0,-12.600000381469727,143.3000030517578,"Portland Roads, Australia",https://www.ncdc.noaa.gov/paleo/study/33732,CoralHydro2k v1.0.0,nan,d18O,n/a,permil,CE,ch2k_RE19GBR02118_55
coral,n/a,RE19GBR02,-2.0,-12.600000381469727,143.3000030517578,"Portland Roads, Australia",https://www.ncdc.noaa.gov/paleo/study/33732,CoralHydro2k v1.0.0,nan,Sr/Ca,n/a,mmol/mol,CE,ch2k_RE19GBR02120_56
coral,n/a,MU18RED04,-5.0,21.780000686645508,38.83000183105469,"Coral Gardens, Red Sea",https://www.ncdc.noaa.gov/paleo/study/34393,CoralHydro2k v1.0.0,"This record is a combination of high-resolution data from Murty et al. 2018 and annual data from Bryan et al. 2019. Studies are independent but were performed on the same coral core (CG). Calibration information, SST range, and analytical error provided are for high-resolution data from Murty et al. 2018.",Sr/Ca,n/a,mmol/mol,CE,ch2k_MU18RED04122_57
coral,n/a,MU18RED04,-5.0,21.780000686645508,38.83000183105469,"Coral Gardens, Red Sea",https://www.ncdc.noaa.gov/paleo/study/34393,CoralHydro2k v1.0.0,"This record is a combination of high-resolution data from Murty et al. 2018 and annual data from Bryan et al. 2019. Studies are independent but were performed on the same coral core (CG). Calibration information, SST range, and analytical error provided are for high-resolution data from Murty et al. 2018.",Sr/Ca,n/a,mmol/mol,CE,ch2k_MU18RED04124_58
coral,n/a,GR13MAD01,-1.0,-17.094999313354492,49.858001708984375,"Nosy Boraha, Madagascar (formerly Ile Sainte-Marie)",https://www.ncdc.noaa.gov/paleo/study/24477,CoralHydro2k v1.0.0,nan,Sr/Ca,n/a,mmol/mol,CE,ch2k_GR13MAD01126_59
coral,n/a,XI17HAI01,nan,19.395000457763672,110.75299835205078,"Fengjiawan, Wenchang, China",https://www.ncdc.noaa.gov/paleo/study/34452,CoralHydro2k v1.0.0,nan,d18O,n/a,permil,CE,ch2k_XI17HAI01128_60
coral,n/a,XI17HAI01,nan,19.395000457763672,110.75299835205078,"Fengjiawan, Wenchang, China",https://www.ncdc.noaa.gov/paleo/study/34452,CoralHydro2k v1.0.0,nan,Sr/Ca,n/a,mmol/mol,CE,ch2k_XI17HAI01130_61
coral,n/a,XI17HAI01,nan,19.395000457763672,110.75299835205078,"Fengjiawan, Wenchang, China",https://www.ncdc.noaa.gov/paleo/study/34452,CoralHydro2k v1.0.0,nan,Sr/Ca,n/a,mmol/mol,CE,ch2k_XI17HAI01134_62
coral,n/a,XI17HAI01,nan,19.395000457763672,110.75299835205078,"Fengjiawan, Wenchang, China",https://www.ncdc.noaa.gov/paleo/study/34452,CoralHydro2k v1.0.0,nan,d18O,n/a,permil,CE,ch2k_XI17HAI01136_63
coral,n/a,DE14DTO03,-4.300000190734863,24.69879913330078,-82.79740142822266,"Dry Tortugas, Florida, USA",https://www.ncdc.noaa.gov/paleo/study/11935,CoralHydro2k v1.0.0,"Same colony as 08PS-A2, but different core and core top age",Sr/Ca,n/a,mmol/mol,CE,ch2k_DE14DTO03140_64
coral,n/a,KL97DAH01,-4.0,15.716699600219727,39.900001525878906,"Dur-Ghella Island, Eritrea",https://doi.pangaea.de/10.1594/PANGAEA.830601,CoralHydro2k v1.0.0,nan,d18O,n/a,permil,CE,ch2k_KL97DAH01142_65
coral,n/a,QU06RAB01,-8.0,-4.179999828338623,151.97999572753906,"Rabaul, East New Britain, Papua New Guinea",https://www.ncdc.noaa.gov/paleo/study/6116,CoralHydro2k v1.0.0,nan,d18O,n/a,permil,CE,ch2k_QU06RAB01144_66
coral,n/a,QU06RAB01,-8.0,-4.179999828338623,151.97999572753906,"Rabaul, East New Britain, Papua New Guinea",https://www.ncdc.noaa.gov/paleo/study/6116,CoralHydro2k v1.0.0,nan,Sr/Ca,n/a,mmol/mol,CE,ch2k_QU06RAB01146_67
coral,n/a,DE14DTO01,-4.300000190734863,24.69879913330078,-82.79740142822266,"Dry Tortugas, Florida, USA",https://www.ncdc.noaa.gov/paleo/study/16217,CoralHydro2k v1.0.0,"Same colony as 08PS-A1, but different core and core top age",Sr/Ca,n/a,mmol/mol,CE,ch2k_DE14DTO01148_68
coral,n/a,KU00NIN01,-3.0,-21.905000686645508,113.96499633789062,"Ningaloo Reef, Australia",https://www.ncdc.noaa.gov/paleo/study/1867,CoralHydro2k v1.0.0,used Gagan 1994 d18O slope,d18O,n/a,permil,CE,ch2k_KU00NIN01150_69
coral,n/a,TU01SIA01,-4.0,-6.079999923706055,147.60000610351562,"Sialum, Huon Peninsula, Papua New Guinea",https://www.ncdc.noaa.gov/paleo/study/1867,CoralHydro2k v1.0.0,monthly correlations not reported,d18O,n/a,permil,CE,ch2k_TU01SIA01152_70
coral,n/a,RE19GBR01,-4.0,-12.5,143.52000427246094,"Eel Reef, Australia",https://www.ncdc.noaa.gov/paleo/study/33732,CoralHydro2k v1.0.0,nan,d18O,n/a,permil,CE,ch2k_RE19GBR01154_71
coral,n/a,RE19GBR01,-4.0,-12.5,143.52000427246094,"Eel Reef, Australia",https://www.ncdc.noaa.gov/paleo/study/33732,CoralHydro2k v1.0.0,nan,Sr/Ca,n/a,mmol/mol,CE,ch2k_RE19GBR01156_72
coral,n/a,GR13MAD02,-0.5,-17.089000701904297,49.861000061035156,"Nosy Boraha, Madagascar (formerly Ile Sainte-Marie)",https://www.ncdc.noaa.gov/paleo/study/24477,CoralHydro2k v1.0.0,"STM4 Sr/Ca core top was too cold vs STM2, would be careful. STM2 is really good, compares well to Rodrigures core Cabri",Sr/Ca,n/a,mmol/mol,CE,ch2k_GR13MAD02158_73
coral,n/a,AB20MEN07,nan,-3.1261000633239746,100.30970001220703,"Mentawai Islands, Indonesia",https://www.ncdc.noaa.gov/paleo/study/28451,CoralHydro2k v1.0.0,Fossil Coral,d18O,n/a,permil,CE,ch2k_AB20MEN07160_74
coral,n/a,BR19RED01,-5.0,19.889999389648438,39.959999084472656,"Canyon, Red Sea",https://www.ncdc.noaa.gov/paleo/study/26531,CoralHydro2k v1.0.0,nan,Sr/Ca,n/a,mmol/mol,CE,ch2k_BR19RED01162_75
coral,n/a,BR19RED01,-5.0,19.889999389648438,39.959999084472656,"Canyon, Red Sea",https://www.ncdc.noaa.gov/paleo/study/26531,CoralHydro2k v1.0.0,nan,Sr/Ca,n/a,mmol/mol,CE,ch2k_BR19RED01164_76
coral,n/a,NU09FAN01,-11.0,3.8499999046325684,-159.35000610351562,"Tabuaeran (Fanning Island), Republic of Kiribati",https://www.ncdc.noaa.gov/paleo/study/8609,CoralHydro2k v1.0.0,Two cores were spliced at 1984 to avoid secondary aragonite,d18O,n/a,permil,CE,ch2k_NU09FAN01166_77
coral,n/a,NU09FAN01,-11.0,3.8499999046325684,-159.35000610351562,"Tabuaeran (Fanning Island), Republic of Kiribati",https://www.ncdc.noaa.gov/paleo/study/8609,CoralHydro2k v1.0.0,Two cores were spliced at 1984 to avoid secondary aragonite,Sr/Ca,n/a,mmol/mol,CE,ch2k_NU09FAN01168_78
coral,n/a,MU18RED01,-4.0,27.979999542236328,34.810001373291016,"Semicolon, Red Sea",https://www.ncdc.noaa.gov/paleo/study/34393,CoralHydro2k v1.0.0,nan,Sr/Ca,n/a,mmol/mol,CE,ch2k_MU18RED01172_79
coral,n/a,OS14RIP01,-2.0,7.2708001136779785,134.38369750976562,"Rock Islands, Palau",https://www.ncdc.noaa.gov/paleo/study/16339,CoralHydro2k v1.0.0,"Multiple linear regression analyses using monthly (non-detrended) anomalies for coral and instrumental SST and SSS data for the period 1970 to 2008. For RI core, regression equation is: d18O_anom = 0.03 (0.03)*SST + 0.36 (0.05)*SSS.nn                                        n                                n                        n                n",d18O,n/a,permil,CE,ch2k_OS14RIP01174_80
coral,n/a,DE14DTO02,-4.0,24.617000579833984,-82.86699676513672,"Dry Tortugas, Florida, USA",https://www.ncdc.noaa.gov/paleo/study/16217,CoralHydro2k v1.0.0,nan,Sr/Ca,n/a,mmol/mol,CE,ch2k_DE14DTO02176_81
coral,n/a,LI04FIJ01,-10.0,-16.81999969482422,179.22999572753906,"Vanua Levu, Fiji",https://www.ncdc.noaa.gov/paleo/study/1003972,CoralHydro2k v1.0.0,nan,d18O,n/a,permil,CE,ch2k_LI04FIJ01178_82
coral,n/a,LI04FIJ01,-10.0,-16.81999969482422,179.22999572753906,"Vanua Levu, Fiji",https://www.ncdc.noaa.gov/paleo/study/1003972,CoralHydro2k v1.0.0,nan,Sr/Ca,n/a,mmol/mol,CE,ch2k_LI04FIJ01180_83
coral,n/a,EV18ROC01,-2.0,-3.859999895095825,-33.77000045776367,"Rocas Atoll, Rio Grande do Norte, Brazil",https://www.ncdc.noaa.gov/paleo/study/34373,CoralHydro2k v1.0.0,nan,Sr/Ca,n/a,mmol/mol,CE,ch2k_EV18ROC01184_84
coral,n/a,EV18ROC01,-2.0,-3.859999895095825,-33.77000045776367,"Rocas Atoll, Rio Grande do Norte, Brazil",https://www.ncdc.noaa.gov/paleo/study/34373,CoralHydro2k v1.0.0,nan,Sr/Ca,n/a,mmol/mol,CE,ch2k_EV18ROC01186_85
coral,n/a,CA13SAP01,-11.800000190734863,16.128999710083008,-88.25,"Sapodilla Cayes, Belize",https://www.ncdc.noaa.gov/paleo/study/17378,CoralHydro2k v1.0.0,nan,d18O,n/a,permil,CE,ch2k_CA13SAP01188_86
coral,n/a,JI18GAL02,-12.0,1.3860000371932983,-91.83200073242188,"Shark Bay, Wolf Island, Ecuador",https://www.ncdc.noaa.gov/paleo/study/23351,CoralHydro2k v1.0.0,nan,Sr/Ca,n/a,mmol/mol,CE,ch2k_JI18GAL02190_87
coral,n/a,TU01LAI01,-3.0,-4.150000095367432,144.88299560546875,"Laing Island, Papua New Guinea",https://www.ncdc.noaa.gov/paleo/study/1866,CoralHydro2k v1.0.0,monthly correlations not reported,d18O,n/a,permil,CE,ch2k_TU01LAI01192_88
coral,n/a,HE13MIS01,nan,-10.6899995803833,152.80999755859375,"Misima Island, Papua New Guinea",https://www.ncdc.noaa.gov/paleo/study/15794,CoralHydro2k v1.0.0,Composite of two fossil cores. Data was sub-monthly and was linearly resampled to monthly.,d18O,n/a,permil,CE,ch2k_HE13MIS01194_89
coral,n/a,HE13MIS01,nan,-10.6899995803833,152.80999755859375,"Misima Island, Papua New Guinea",https://www.ncdc.noaa.gov/paleo/study/15794,CoralHydro2k v1.0.0,Composite of two fossil cores. Data was sub-monthly and was linearly resampled to monthly.,Sr/Ca,n/a,mmol/mol,CE,ch2k_HE13MIS01196_90
coral,n/a,GU99NAU02,-14.0,-0.5400000214576721,166.97000122070312,"Nauru Island, Republic of Nauru",https://www.ncdc.noaa.gov/paleo/study/1842,CoralHydro2k v1.0.0,"No calibrations, two cores are part of this study (see GU99NAU01); Oxygen isotope data has NOT been corrected for the acid fractionation difference (acid-alpha) between standards (calcite) and coral samples (aragonite). Slow growing portion of the record (1898-1939) shows a strong kinetic overprint",d18O,n/a,permil,CE,ch2k_GU99NAU02198_91
coral,n/a,ZI15IMP02,-8.0,-17.51959991455078,118.96900177001953,"Rowley Shoals, Australia",https://www.ncdc.noaa.gov/paleo/study/19239,CoralHydro2k v1.0.0,"Sr/Ca-SST recconstructed with composite plus scale method to ERSSTv3b, no regression applied",Sr/Ca,n/a,mmol/mol,CE,ch2k_ZI15IMP02200_92
coral,n/a,ZI15IMP02,-8.0,-17.51959991455078,118.96900177001953,"Rowley Shoals, Australia",https://www.ncdc.noaa.gov/paleo/study/19239,CoralHydro2k v1.0.0,"Sr/Ca-SST recconstructed with composite plus scale method to ERSSTv3b, no regression applied",Sr/Ca,n/a,mmol/mol,CE,ch2k_ZI15IMP02202_93
coral,n/a,PF04PBA01,-1.7999999523162842,-5.429999828338623,71.7699966430664,"Peros Banhos Atoll, Chagos Archipelago",https://www.ncdc.noaa.gov/paleo/study/1891,CoralHydro2k v1.0.0,d18O driven by rainfall; little SST correlation,d18O,n/a,permil,CE,ch2k_PF04PBA01204_94
coral,n/a,SA20FAN02,nan,3.8499999046325684,-159.35000610351562,"Tabuaeran (Fanning Island), Republic of Kiribati",https://www.ncdc.noaa.gov/paleo/study/30493,CoralHydro2k v1.0.0,Publication notes that core F4 has higher variance than contemporary cores and instrumental SST products and that this is likely due to lagoonal mixing.,d18O,n/a,permil,CE,ch2k_SA20FAN02206_95
coral,n/a,WE09ARR01,nan,-16.719999313354492,146.02999877929688,"Arlington Reef, Australia",https://www.ncdc.noaa.gov/paleo/study/10425,CoralHydro2k v1.0.0,coral was primariliy analysed for Boron and paper does not discuss much about Sr/Ca and d18O even though they were analysed,d18O,n/a,permil,CE,ch2k_WE09ARR01208_96
coral,n/a,WE09ARR01,nan,-16.719999313354492,146.02999877929688,"Arlington Reef, Australia",https://www.ncdc.noaa.gov/paleo/study/10425,CoralHydro2k v1.0.0,coral was primariliy analysed for Boron and paper does not discuss much about Sr/Ca and d18O even though they were analysed,Sr/Ca,n/a,mmol/mol,CE,ch2k_WE09ARR01210_97
coral,n/a,CO03PAL05,nan,5.869999885559082,-162.1300048828125,"Palmyra Island, United States Minor Outlying Islands",https://www.ncdc.noaa.gov/paleo/study/1875,CoralHydro2k v1.0.0,nan,d18O,n/a,permil,CE,ch2k_CO03PAL05212_98
coral,n/a,XU15BVI01,nan,18.719999313354492,-64.31670379638672,"Anegada, British Virgin Islands",https://www.ncdc.noaa.gov/paleo/study/21011,CoralHydro2k v1.0.0,nan,Sr/Ca,n/a,mmol/mol,CE,ch2k_XU15BVI01214_99
coral,n/a,HE18COC02,-4.900000095367432,-12.095000267028809,96.88050079345703,"Cocos (Keeling) Islands, Australia",https://www.ncdc.noaa.gov/paleo/study/23390,CoralHydro2k v1.0.0,Sr/Ca regression slope error is estimated to be (+/-) 0.21 degrees C; Used the Zinke (2015) method - normalised and scaled to the s.d. SST box of the period 1961-1990; equation based on composite of 2 cores,d18O,n/a,permil,CE,ch2k_HE18COC02216_100
coral,n/a,HE18COC02,-4.900000095367432,-12.095000267028809,96.88050079345703,"Cocos (Keeling) Islands, Australia",https://www.ncdc.noaa.gov/paleo/study/23390,CoralHydro2k v1.0.0,Sr/Ca regression slope error is estimated to be (+/-) 0.21 degrees C; Used the Zinke (2015) method - normalised and scaled to the s.d. SST box of the period 1961-1990; equation based on composite of 2 cores,Sr/Ca,n/a,mmol/mol,CE,ch2k_HE18COC02218_101
coral,n/a,MU18NPI01,-5.0,-8.670000076293945,115.51000213623047,"Nusa Penida, Indonesia",https://www.ncdc.noaa.gov/paleo/study/25290,CoralHydro2k v1.0.0,NP1 and NP2 cores spliced together to get full NP record due to bioerosion in the NP1 core. Sr/Ca-SST calibrations not published because of weak relationship for both GS and NP cores.,d18O,n/a,permil,CE,ch2k_MU18NPI01222_102
coral,n/a,MU18NPI01,-5.0,-8.670000076293945,115.51000213623047,"Nusa Penida, Indonesia",https://www.ncdc.noaa.gov/paleo/study/25290,CoralHydro2k v1.0.0,NP1 and NP2 cores spliced together to get full NP record due to bioerosion in the NP1 core. Sr/Ca-SST calibrations not published because of weak relationship for both GS and NP cores.,Sr/Ca,n/a,mmol/mol,CE,ch2k_MU18NPI01224_103
coral,n/a,MO06PED01,-5.0,16.760000228881836,-22.889999389648438,"Pedra de Lume, Sal Island",https://www.ncdc.noaa.gov/paleo/study/6184,CoralHydro2k v1.0.0,nan,d18O,n/a,permil,CE,ch2k_MO06PED01226_104
coral,n/a,KR20SAR01,-8.5,4.292200088500977,113.82589721679688,"Sarawak, Malaysia",https://www.ncdc.noaa.gov/paleo/study/29312,CoralHydro2k v1.0.0,nan,d18O,n/a,permil,CE,ch2k_KR20SAR01228_105
coral,n/a,KR20SAR01,-8.5,4.292200088500977,113.82589721679688,"Sarawak, Malaysia",https://www.ncdc.noaa.gov/paleo/study/29312,CoralHydro2k v1.0.0,nan,Sr/Ca,n/a,mmol/mol,CE,ch2k_KR20SAR01230_106
coral,n/a,SA18GBR01,-4.5,-23.149999618530273,150.97000122070312,"Great Keppel Island, Australia",https://www.ncdc.noaa.gov/paleo/study/22252,CoralHydro2k v1.0.0,Study focuses on Ba/Ca and Y/Ca. Sr/Ca is primarily used for chronology,Sr/Ca,n/a,mmol/mol,CE,ch2k_SA18GBR01234_107
coral,n/a,OS14UCP01,-12.0,7.285900115966797,134.25030517578125,"Ulong Channel, Palau",https://www.ncdc.noaa.gov/paleo/study/16339,CoralHydro2k v1.0.0,"Multiple linear regression analyses using monthly (not detrended) anomalies for coral and instrumental SST and SSS data for the period 1970 to 2008. For UC core, regression equation is: d18O_anom = 0.09 (0.03)*SST + 0.33 (0.05)*SSS",d18O,n/a,permil,CE,ch2k_OS14UCP01236_108
coral,n/a,AB20MEN08,nan,-3.1261000633239746,100.30979919433594,"Mentawai Islands, Indonesia",https://www.ncdc.noaa.gov/paleo/study/28451,CoralHydro2k v1.0.0,Fossil Coral,d18O,n/a,permil,CE,ch2k_AB20MEN08238_109
coral,n/a,HE13MIS02,nan,-10.6899995803833,152.80999755859375,"Misima Island, Papua New Guinea",https://www.ncdc.noaa.gov/paleo/study/15794,CoralHydro2k v1.0.0,Raw data was sub-monthly and was linearly resampled to monthly.,d18O,n/a,permil,CE,ch2k_HE13MIS02240_110
coral,n/a,HE13MIS02,nan,-10.6899995803833,152.80999755859375,"Misima Island, Papua New Guinea",https://www.ncdc.noaa.gov/paleo/study/15794,CoralHydro2k v1.0.0,Raw data was sub-monthly and was linearly resampled to monthly.,Sr/Ca,n/a,mmol/mol,CE,ch2k_HE13MIS02242_111
coral,n/a,HE10GUA01,-1.7000000476837158,16.200000762939453,-61.4900016784668,"Isle de Gosier, Guadeloupe",https://www.ncdc.noaa.gov/paleo/study/12893,CoralHydro2k v1.0.0,This calibration data is taken from the top 40 years of the core from Hetzinger et al 2006,d18O,n/a,permil,CE,ch2k_HE10GUA01244_112
coral,n/a,HE10GUA01,-1.7000000476837158,16.200000762939453,-61.4900016784668,"Isle de Gosier, Guadeloupe",https://www.ncdc.noaa.gov/paleo/study/12893,CoralHydro2k v1.0.0,This calibration data is taken from the top 40 years of the core from Hetzinger et al 2006,Sr/Ca,n/a,mmol/mol,CE,ch2k_HE10GUA01246_113
coral,n/a,HE10GUA01,-1.7000000476837158,16.200000762939453,-61.4900016784668,"Isle de Gosier, Guadeloupe",https://www.ncdc.noaa.gov/paleo/study/12893,CoralHydro2k v1.0.0,This calibration data is taken from the top 40 years of the core from Hetzinger et al 2006,Sr/Ca,n/a,mmol/mol,CE,ch2k_HE10GUA01248_114
coral,n/a,HE10GUA01,-1.7000000476837158,16.200000762939453,-61.4900016784668,"Isle de Gosier, Guadeloupe",https://www.ncdc.noaa.gov/paleo/study/12893,CoralHydro2k v1.0.0,This calibration data is taken from the top 40 years of the core from Hetzinger et al 2006,d18O,n/a,permil,CE,ch2k_HE10GUA01250_115
coral,n/a,BO14HTI01,-3.5999999046325684,12.210000038146973,109.30999755859375,"Hon Tre Island, Vietnam",https://www.ncdc.noaa.gov/paleo/study/17035,CoralHydro2k v1.0.0,A composite of cores TN and BB (CoralHydro2k ID BO14HTI02) was used from 2010-1977 for the published reconstructions in Bolton et al. 2014 and Goodkin et al. 2021.,d18O,n/a,permil,CE,ch2k_BO14HTI01252_116
coral,n/a,BO14HTI01,-3.5999999046325684,12.210000038146973,109.30999755859375,"Hon Tre Island, Vietnam",https://www.ncdc.noaa.gov/paleo/study/17035,CoralHydro2k v1.0.0,A composite of cores TN and BB (CoralHydro2k ID BO14HTI02) was used from 2010-1977 for the published reconstructions in Bolton et al. 2014 and Goodkin et al. 2021.,Sr/Ca,n/a,mmol/mol,CE,ch2k_BO14HTI01254_117
coral,n/a,DE12ANC01,-3.0,-22.479999542236328,166.4600067138672,"Amedee Island, New Caledonia",https://www.ncdc.noaa.gov/paleo/study/13035,CoralHydro2k v1.0.0,Sr/Ca are average values of three colonies and replicate paths,Sr/Ca,n/a,mmol/mol,CE,ch2k_DE12ANC01258_118
coral,n/a,WA17BAN01,-2.0,23.5,58.75,"Bandar Khayran, Oman",https://www.ncdc.noaa.gov/paleo/study/34512,CoralHydro2k v1.0.0,nan,d18O,n/a,permil,CE,ch2k_WA17BAN01260_119
coral,n/a,WA17BAN01,-2.0,23.5,58.75,"Bandar Khayran, Oman",https://www.ncdc.noaa.gov/paleo/study/34512,CoralHydro2k v1.0.0,nan,Sr/Ca,n/a,mmol/mol,CE,ch2k_WA17BAN01262_120
coral,n/a,DR99ABR01,-10.0,-22.100000381469727,153.0,"Abraham Reef, Australia",https://www.ncdc.noaa.gov/paleo/study/1911,CoralHydro2k v1.0.0,"This is a refinement of the record available previously (Druffel and Griffin, JGR 1993) which showed biennial d18O for the period 1635-1957.",d18O,n/a,permil,CE,ch2k_DR99ABR01264_121
coral,n/a,DR99ABR01,-10.0,-22.100000381469727,153.0,"Abraham Reef, Australia",https://www.ncdc.noaa.gov/paleo/study/1911,CoralHydro2k v1.0.0,"This is a refinement of the record available previously (Druffel and Griffin, JGR 1993) which showed biennial d18O for the period 1635-1957.",d18O,n/a,permil,CE,ch2k_DR99ABR01266_122
coral,n/a,RO19MAR01,-4.5,14.451199531555176,-60.92900085449219,"Grande Cai, Martinique",https://www.ncdc.noaa.gov/paleo/study/27450,CoralHydro2k v1.0.0,Study focuses on use of Sr/U rather than Sr/Ca,Sr/Ca,n/a,mmol/mol,CE,ch2k_RO19MAR01268_123
coral,n/a,LI06RAR02,-10.0,-21.23780059814453,-159.8278045654297,"Rarotonga, Cook Islands",https://www.ncdc.noaa.gov/paleo/study/6089,CoralHydro2k v1.0.0,Individual coral records that are part of the Rarotonga composite,d18O,n/a,permil,CE,ch2k_LI06RAR02270_124
coral,n/a,MU18RED03,-5.0,23.700000762939453,37.970001220703125,"Abu Galawa, Red Sea",https://www.ncdc.noaa.gov/paleo/study/34393,CoralHydro2k v1.0.0,Mean SST ranges given in paper for northern reef 7.7C; for southern reefs 5.8C,Sr/Ca,n/a,mmol/mol,CE,ch2k_MU18RED03272_125
coral,n/a,SW99LIG01,-2.0,25.229999542236328,-80.41670227050781,"Lignumvitae Basin, Florida, USA",https://www.ncdc.noaa.gov/paleo/study/1914,CoralHydro2k v1.0.0,nan,d18O,n/a,permil,CE,ch2k_SW99LIG01274_126
coral,n/a,SA16CLA01,-8.0,18.399999618530273,-114.69999694824219,"Clarion Island, Mexico",https://www.ncdc.noaa.gov/paleo/study/21310,CoralHydro2k v1.0.0,nan,d18O,n/a,permil,CE,ch2k_SA16CLA01276_127
coral,n/a,ZI15TAN01,-2.5,-21.89299964904785,113.96299743652344,"Ningaloo Reef, Australia",https://www.ncdc.noaa.gov/paleo/study/19239,CoralHydro2k v1.0.0,"Sr/Ca-SST recconstructed with composite plus scale method to ERSSTv3b, no regression applied",Sr/Ca,n/a,mmol/mol,CE,ch2k_ZI15TAN01278_128
coral,n/a,ZI15TAN01,-2.5,-21.89299964904785,113.96299743652344,"Ningaloo Reef, Australia",https://www.ncdc.noaa.gov/paleo/study/19239,CoralHydro2k v1.0.0,"Sr/Ca-SST recconstructed with composite plus scale method to ERSSTv3b, no regression applied",Sr/Ca,n/a,mmol/mol,CE,ch2k_ZI15TAN01280_129
coral,n/a,RE19GBR03,-2.5,-13.329999923706055,143.9499969482422,"Reef 13-050, Australia",https://www.ncdc.noaa.gov/paleo/study/33732,CoralHydro2k v1.0.0,nan,d18O,n/a,permil,CE,ch2k_RE19GBR03282_130
coral,n/a,RE19GBR03,-2.5,-13.329999923706055,143.9499969482422,"Reef 13-050, Australia",https://www.ncdc.noaa.gov/paleo/study/33732,CoralHydro2k v1.0.0,nan,Sr/Ca,n/a,mmol/mol,CE,ch2k_RE19GBR03284_131
coral,n/a,DR00KSB01,-25.0,32.46699905395508,-64.56800079345703,"Kitchen Shoals, Bermuda",https://doi.pangaea.de/10.1594/PANGAEA.88200,CoralHydro2k v1.0.0,"regressions in paper use air temps instead of SST, relevant growth information about coral found in PhD thesis (http://nbn-resolving.de/urn:nbn:de:gbv:46-ep000102521)",d18O,n/a,permil,CE,ch2k_DR00KSB01286_132
coral,n/a,BO14HTI02,-2.5,12.210000038146973,109.30999755859375,"Hon Tre Island, Vietnam",https://www.ncdc.noaa.gov/paleo/study/17035,CoralHydro2k v1.0.0,A composite of cores TN (CoralHydro2k ID BO14HTI01) and BB was used from 2010-1977 for the published reconstructions in Bolton et al. 2014 and Goodkin et al. 2021.,d18O,n/a,permil,CE,ch2k_BO14HTI02288_133
coral,n/a,BO14HTI02,-2.5,12.210000038146973,109.30999755859375,"Hon Tre Island, Vietnam",https://www.ncdc.noaa.gov/paleo/study/17035,CoralHydro2k v1.0.0,A composite of cores TN (CoralHydro2k ID BO14HTI01) and BB was used from 2010-1977 for the published reconstructions in Bolton et al. 2014 and Goodkin et al. 2021.,Sr/Ca,n/a,mmol/mol,CE,ch2k_BO14HTI02290_134
coral,n/a,MU17DOA01,-5.0,-5.381999969482422,117.91400146484375,"Doangdoangan Besar, Indonesia",https://www.ncdc.noaa.gov/paleo/study/24630,CoralHydro2k v1.0.0,"Calibrations to SST data were performed on a shorter, higher-resolution set of samples. See Murty et al. 2017 for more information.",d18O,n/a,permil,CE,ch2k_MU17DOA01292_135
coral,n/a,TA18TAS01,-16.5,-14.270000457763672,-169.5,"Ta'u, American Samoa",https://www.ncdc.noaa.gov/paleo/study/25270,CoralHydro2k v1.0.0,"The calibration equation incorporated both SST and salinity, so the d18O-SST slope is not included here to avoid misrepresentation.",d18O,n/a,permil,CE,ch2k_TA18TAS01294_136
coral,n/a,XU15BVI03,nan,18.719999313354492,-64.31670379638672,"Anegada, British Virgin Islands",https://www.ncdc.noaa.gov/paleo/study/21011,CoralHydro2k v1.0.0,nan,Sr/Ca,n/a,mmol/mol,CE,ch2k_XU15BVI03296_137
coral,n/a,DU94URV02,-1.5,-0.4083999991416931,-91.23400115966797,"Urvina Bay, Isabela Island, Ecuador",https://www.ncdc.noaa.gov/paleo/study/1850,CoralHydro2k v1.0.0,nan,d18O,n/a,permil,CE,ch2k_DU94URV02298_138
coral,n/a,DU94URV02,-1.5,-0.4083999991416931,-91.23400115966797,"Urvina Bay, Isabela Island, Ecuador",https://www.ncdc.noaa.gov/paleo/study/1850,CoralHydro2k v1.0.0,nan,d18O,n/a,permil,CE,ch2k_DU94URV02300_139
coral,n/a,AS05GUA01,-7.800000190734863,13.597999572753906,144.83599853515625,"Double Reef, Guam",https://www.ncdc.noaa.gov/paleo/study/1915,CoralHydro2k v1.0.0,nan,d18O,n/a,permil,CE,ch2k_AS05GUA01302_140
coral,n/a,FE09OGA01,-3.9000000953674316,27.105899810791016,142.19410705566406,"Ogasawara Islands, Japan",https://doi.pangaea.de/10.1594/PANGAEA.743953,CoralHydro2k v1.0.0,"Annual regression slopes (-0.213 / C, -0.140 mmol/mol / C) imply an apparent amplification of inferred SST variations on interannual and longer timescales.",d18O,n/a,permil,CE,ch2k_FE09OGA01304_141
coral,n/a,FE09OGA01,-3.9000000953674316,27.105899810791016,142.19410705566406,"Ogasawara Islands, Japan",https://doi.pangaea.de/10.1594/PANGAEA.743953,CoralHydro2k v1.0.0,"Annual regression slopes (-0.213 / C, -0.140 mmol/mol / C) imply an apparent amplification of inferred SST variations on interannual and longer timescales.",Sr/Ca,n/a,mmol/mol,CE,ch2k_FE09OGA01306_142
coral,n/a,FE09OGA01,-3.9000000953674316,27.105899810791016,142.19410705566406,"Ogasawara Islands, Japan",https://doi.pangaea.de/10.1594/PANGAEA.743953,CoralHydro2k v1.0.0,"Annual regression slopes (-0.213 / C, -0.140 mmol/mol / C) imply an apparent amplification of inferred SST variations on interannual and longer timescales.",Sr/Ca,n/a,mmol/mol,CE,ch2k_FE09OGA01308_143
coral,n/a,FE09OGA01,-3.9000000953674316,27.105899810791016,142.19410705566406,"Ogasawara Islands, Japan",https://doi.pangaea.de/10.1594/PANGAEA.743953,CoralHydro2k v1.0.0,"Annual regression slopes (-0.213 / C, -0.140 mmol/mol / C) imply an apparent amplification of inferred SST variations on interannual and longer timescales.",d18O,n/a,permil,CE,ch2k_FE09OGA01310_144
coral,n/a,GU99NAU01,-14.0,-0.5400000214576721,166.97000122070312,"Nauru Island, Republic of Nauru",https://www.ncdc.noaa.gov/paleo/study/1842,CoralHydro2k v1.0.0,Oxygen isotope data has NOT been corrected for the acid fractionation difference (acid-alpha) between standards (calcite) and coral samples (aragonite). Prior to 1895/1896 the data exhibits a kinetic overprint.,d18O,n/a,permil,CE,ch2k_GU99NAU01314_145
coral,n/a,SA20FAN01,nan,3.8499999046325684,-159.35000610351562,"Tabuaeran (Fanning Island), Republic of Kiribati",https://www.ncdc.noaa.gov/paleo/study/30493,CoralHydro2k v1.0.0,nan,d18O,n/a,permil,CE,ch2k_SA20FAN01316_146
coral,n/a,CA13DIA01,-6.0,16.06399917602539,-86.95099639892578,"Diamond Caye, Utila, Honduras",https://www.ncdc.noaa.gov/paleo/study/17378,CoralHydro2k v1.0.0,nan,d18O,n/a,permil,CE,ch2k_CA13DIA01318_147
coral,n/a,AL16PUR02,-7.0,17.93000030517578,-67.01000213623047,"Pinacles Reef, Puerto Rico",https://www.ncdc.noaa.gov/paleo/study/22056,CoralHydro2k v1.0.0,Study focuses on use of Sr/U rather than Sr/Ca,Sr/Ca,n/a,mmol/mol,CE,ch2k_AL16PUR02320_148
coral,n/a,CO03PAL10,nan,5.869999885559082,-162.1300048828125,"Palmyra Island, United States Minor Outlying Islands",https://www.ncdc.noaa.gov/paleo/study/1875,CoralHydro2k v1.0.0,nan,d18O,n/a,permil,CE,ch2k_CO03PAL10324_149
coral,n/a,RE19GBR05,-3.5,-11.970000267028809,143.27999877929688,"Clerke Reef, Australia",https://www.ncdc.noaa.gov/paleo/study/33732,CoralHydro2k v1.0.0,nan,Sr/Ca,n/a,mmol/mol,CE,ch2k_RE19GBR05326_150
coral,n/a,ZI15IMP01,-14.0,-17.53689956665039,118.9739990234375,"Rowley Shoals, Australia",https://www.ncdc.noaa.gov/paleo/study/19239,CoralHydro2k v1.0.0,"Sr/Ca-SST recconstructed with composite plus scale method to ERSSTv3b, no regression applied",Sr/Ca,n/a,mmol/mol,CE,ch2k_ZI15IMP01328_151
coral,n/a,ZI15IMP01,-14.0,-17.53689956665039,118.9739990234375,"Rowley Shoals, Australia",https://www.ncdc.noaa.gov/paleo/study/19239,CoralHydro2k v1.0.0,"Sr/Ca-SST recconstructed with composite plus scale method to ERSSTv3b, no regression applied",Sr/Ca,n/a,mmol/mol,CE,ch2k_ZI15IMP01330_152
coral,n/a,KR20SAR02,-5.0,4.343299865722656,113.89830017089844,"Sarawak, Malaysia",https://www.ncdc.noaa.gov/paleo/study/29312,CoralHydro2k v1.0.0,nan,d18O,n/a,permil,CE,ch2k_KR20SAR02332_153
coral,n/a,KR20SAR02,-5.0,4.343299865722656,113.89830017089844,"Sarawak, Malaysia",https://www.ncdc.noaa.gov/paleo/study/29312,CoralHydro2k v1.0.0,nan,Sr/Ca,n/a,mmol/mol,CE,ch2k_KR20SAR02334_154
coral,n/a,RO19YUC01,-4.0,20.83209991455078,-86.87889862060547,"Puerto Morelos, Mexico",https://www.ncdc.noaa.gov/paleo/study/27450,CoralHydro2k v1.0.0,focused more on Sr/U calibrations,Sr/Ca,n/a,mmol/mol,CE,ch2k_RO19YUC01338_155
coral,n/a,RO19YUC01,-4.0,20.83209991455078,-86.87889862060547,"Puerto Morelos, Mexico",https://www.ncdc.noaa.gov/paleo/study/27450,CoralHydro2k v1.0.0,focused more on Sr/U calibrations,Sr/Ca,n/a,mmol/mol,CE,ch2k_RO19YUC01340_156
coral,n/a,ST13MAL01,-1.0,4.289999961853027,72.9800033569336,"Rasdhoo Atoll, Maldives",https://www.ncdc.noaa.gov/paleo/study/34472,CoralHydro2k v1.0.0,nan,d18O,n/a,permil,CE,ch2k_ST13MAL01344_157
coral,n/a,ST13MAL01,-1.0,4.289999961853027,72.9800033569336,"Rasdhoo Atoll, Maldives",https://www.ncdc.noaa.gov/paleo/study/34472,CoralHydro2k v1.0.0,nan,Sr/Ca,n/a,mmol/mol,CE,ch2k_ST13MAL01346_158
coral,n/a,DR00NBB01,-25.0,32.5,-64.69999694824219,"Northeast Breakers, Bermuda",https://doi.pangaea.de/10.1594/PANGAEA.88199,CoralHydro2k v1.0.0,"regressions in paper use air temps instead of SST, relevant growth information about coral found in PhD thesis (http://nbn-resolving.de/urn:nbn:de:gbv:46-ep000102521)",d18O,n/a,permil,CE,ch2k_DR00NBB01348_159
coral,n/a,PF19LAR01,-12.300000190734863,-21.0,55.0,"St. Gilles Reef, La Reunion",https://www.ncdc.noaa.gov/paleo/study/28130,CoralHydro2k v1.0.0,See Pfeiffer et al. 2004 for more monthly/bimonthly d18O calibrations and Pfeiffer et al. 2019 for annual d18O and Sr/Ca calibrations.,d18O,n/a,permil,CE,ch2k_PF19LAR01350_160
coral,n/a,PF19LAR01,-12.300000190734863,-21.0,55.0,"St. Gilles Reef, La Reunion",https://www.ncdc.noaa.gov/paleo/study/28130,CoralHydro2k v1.0.0,See Pfeiffer et al. 2004 for more monthly/bimonthly d18O calibrations and Pfeiffer et al. 2019 for annual d18O and Sr/Ca calibrations.,Sr/Ca,n/a,mmol/mol,CE,ch2k_PF19LAR01352_161
coral,n/a,AL16YUC01,-3.0,20.83209991455078,-86.87889862060547,"Puerto Morelos, Mexico",https://www.ncdc.noaa.gov/paleo/study/22056,CoralHydro2k v1.0.0,Study focuses on use of Sr/U rather than Sr/Ca,Sr/Ca,n/a,mmol/mol,CE,ch2k_AL16YUC01354_162
coral,n/a,CO03PAL09,nan,5.869999885559082,-162.1300048828125,"Palmyra Island, United States Minor Outlying Islands",https://www.ncdc.noaa.gov/paleo/study/1875,CoralHydro2k v1.0.0,nan,d18O,n/a,permil,CE,ch2k_CO03PAL09358_163
coral,n/a,ZI16ROD02,-3.0,-19.66699981689453,63.433998107910156,"Rodrigues, Republic of Mauritius",https://www.ncdc.noaa.gov/paleo/study/22991,CoralHydro2k v1.0.0,nan,Sr/Ca,n/a,mmol/mol,CE,ch2k_ZI16ROD02360_164
coral,n/a,AB20MEN05,nan,-3.0369999408721924,100.23100280761719,"Mentawai Islands, Indonesia",https://www.ncdc.noaa.gov/paleo/study/28451,CoralHydro2k v1.0.0,Fossil Coral,d18O,n/a,permil,CE,ch2k_AB20MEN05362_165
coral,n/a,SH92PUN01,-14.0,-0.6700000166893005,-89.16999816894531,"Punta Pitt, Isla San Cristobal, Ecuador",https://www.ncdc.noaa.gov/paleo/study/1848,CoralHydro2k v1.0.0,age-modeled assuming high-density bands correspond to February; coral colony died during 1982-83 El Nino event,d18O,n/a,permil,CE,ch2k_SH92PUN01364_166
coral,n/a,KI04MCV01,-1.5,-15.699999809265137,167.1999969482422,"Espiritu Santo Island, Vanuatu",https://www.ncdc.noaa.gov/paleo/study/1925,CoralHydro2k v1.0.0,regression information based on Kilbourne MS Thesis,d18O,n/a,permil,CE,ch2k_KI04MCV01366_167
coral,n/a,KI04MCV01,-1.5,-15.699999809265137,167.1999969482422,"Espiritu Santo Island, Vanuatu",https://www.ncdc.noaa.gov/paleo/study/1925,CoralHydro2k v1.0.0,regression information based on Kilbourne MS Thesis,Sr/Ca,n/a,mmol/mol,CE,ch2k_KI04MCV01368_168
coral,n/a,AL16PUR01,-7.0,18.115299224853516,-67.9374008178711,"Mona Island, Puerto Rico",https://www.ncdc.noaa.gov/paleo/study/22056,CoralHydro2k v1.0.0,Study focuses on use of Sr/U rather than Sr/Ca,Sr/Ca,n/a,mmol/mol,CE,ch2k_AL16PUR01370_169
coral,n/a,CH18YOA02,nan,16.447999954223633,111.6050033569336,"Lingyang Reef, Yongle Atoll",https://www.ncdc.noaa.gov/paleo/study/34413,CoralHydro2k v1.0.0,Microatoll; coral rubble samples; data reported in Supplements of paper,Sr/Ca,n/a,mmol/mol,CE,ch2k_CH18YOA02374_170
coral,n/a,DE14DTO04,-3.700000047683716,24.694900512695312,-82.7947006225586,"Dry Tortugas, Florida, USA",https://www.ncdc.noaa.gov/paleo/study/11935,CoralHydro2k v1.0.0,nan,Sr/Ca,n/a,mmol/mol,CE,ch2k_DE14DTO04376_171
coral,n/a,AB20MEN04,nan,-2.752000093460083,99.99500274658203,"Mentawai Islands, Indonesia",https://www.ncdc.noaa.gov/paleo/study/28451,CoralHydro2k v1.0.0,Fossil Coral,d18O,n/a,permil,CE,ch2k_AB20MEN04378_172
coral,n/a,DE16RED01,-1.0,22.031400680541992,38.87779998779297,Red Sea,https://www.ncdc.noaa.gov/paleo/study/21710,CoralHydro2k v1.0.0,Study focuses on use of Sr/U rather than Sr/Ca; multiple locations Atlantic and Pacific; Sr/Ca uncertainty 1 deg C; Sr-U uncertainty 0.5 deg C; Sr/Ca-SST slope not indicated,Sr/Ca,n/a,mmol/mol,CE,ch2k_DE16RED01380_173
coral,n/a,BA04FIJ02,-10.0,-16.81999969482422,179.22999572753906,"Savusavu Bay, Vanua Levu, Fiji",https://www.ncdc.noaa.gov/paleo/study/1881,CoralHydro2k v1.0.0,nan,d18O,n/a,permil,CE,ch2k_BA04FIJ02382_174
coral,n/a,BA04FIJ02,-10.0,-16.81999969482422,179.22999572753906,"Savusavu Bay, Vanua Levu, Fiji",https://www.ncdc.noaa.gov/paleo/study/1881,CoralHydro2k v1.0.0,nan,Sr/Ca,n/a,mmol/mol,CE,ch2k_BA04FIJ02384_175
coral,n/a,CO03PAL06,nan,5.869999885559082,-162.1300048828125,"Palmyra Island, United States Minor Outlying Islands",https://www.ncdc.noaa.gov/paleo/study/1875,CoralHydro2k v1.0.0,nan,d18O,n/a,permil,CE,ch2k_CO03PAL06386_176
coral,n/a,JI18GAL01,-10.0,1.3860000371932983,-91.83200073242188,"Shark Bay, Wolf Island, Ecuador",https://www.ncdc.noaa.gov/paleo/study/23351,CoralHydro2k v1.0.0,nan,Sr/Ca,n/a,mmol/mol,CE,ch2k_JI18GAL01388_177
coral,n/a,CH18YOA01,nan,16.447999954223633,111.6050033569336,"Lingyang Reef, Yongle Atoll",https://www.ncdc.noaa.gov/paleo/study/34413,CoralHydro2k v1.0.0,Microatoll; coral rubble samples; data reported in Supplements of paper,Sr/Ca,n/a,mmol/mol,CE,ch2k_CH18YOA01390_178
coral,n/a,RE19GBR04,-3.5,-12.09000015258789,143.2899932861328,"Nomad Reef, Australia",https://www.ncdc.noaa.gov/paleo/study/33732,CoralHydro2k v1.0.0,nan,Sr/Ca,n/a,mmol/mol,CE,ch2k_RE19GBR04392_179
coral,n/a,DO18DAV01,-6.5,-18.799999237060547,147.6300048828125,"Davies Reef, Australia",https://www.ncdc.noaa.gov/paleo/study/34392,CoralHydro2k v1.0.0,Study uses multiple cores from multiple locations in the Great Barrier Reef; spans 15-18S latitude; multiple Sr/Ca regression equations in the paper. Supplemnet has all data.,Sr/Ca,n/a,mmol/mol,CE,ch2k_DO18DAV01394_180
coral,n/a,GO12SBV01,-8.0,-15.9399995803833,166.07000732421875,"Sabine Bank, Vanuatu",https://www.ncdc.noaa.gov/paleo/study/13439,CoralHydro2k v1.0.0,d18O is a composite of cores 06SB-A1 and 07SB-A2,d18O,n/a,permil,CE,ch2k_GO12SBV01396_181
coral,n/a,GO12SBV01,-8.0,-15.9399995803833,166.07000732421875,"Sabine Bank, Vanuatu",https://www.ncdc.noaa.gov/paleo/study/13439,CoralHydro2k v1.0.0,d18O is a composite of cores 06SB-A1 and 07SB-A2,Sr/Ca,n/a,mmol/mol,CE,ch2k_GO12SBV01398_182
coral,n/a,CA07FLI01,nan,-17.729999542236328,148.42999267578125,"Flinders Reef, Australia",https://www.ncdc.noaa.gov/paleo/study/6087,CoralHydro2k v1.0.0,nan,d18O,n/a,permil,CE,ch2k_CA07FLI01400_183
coral,n/a,CA07FLI01,nan,-17.729999542236328,148.42999267578125,"Flinders Reef, Australia",https://www.ncdc.noaa.gov/paleo/study/6087,CoralHydro2k v1.0.0,nan,Sr/Ca,n/a,mmol/mol,CE,ch2k_CA07FLI01402_184
coral,n/a,SW99LIG02,-2.0,25.0,-80.5999984741211,"Lignumvitae Basin, Florida Bay",https://www.ncdc.noaa.gov/paleo/study/1914,CoralHydro2k v1.0.0,nan,d18O,n/a,permil,CE,ch2k_SW99LIG02404_185
coral,n/a,MC04PNG01,-5.5,-3.411799907684326,143.63699340820312,"Muschu Island, Papua New Guinea",https://www.ncdc.noaa.gov/paleo/study/9813,CoralHydro2k v1.0.0,nan,d18O,n/a,permil,CE,ch2k_MC04PNG01406_186
coral,n/a,CO93TAR01,-3.0,1.4199999570846558,173.02999877929688,"Tarawa Atoll, Republic of Kiribati",https://www.ncdc.noaa.gov/paleo/study/1845,CoralHydro2k v1.0.0,monthly correlations not reported,d18O,n/a,permil,CE,ch2k_CO93TAR01408_187
coral,n/a,RO19PAR01,-7.0,17.936800003051758,-67.01840209960938,"Parguera, Puerto Rico",https://www.ncdc.noaa.gov/paleo/study/27450,CoralHydro2k v1.0.0,nan,Sr/Ca,n/a,mmol/mol,CE,ch2k_RO19PAR01410_188
coral,n/a,CO00MAL01,-6.0,-3.259999990463257,40.13999938964844,"Malindi Marine Park, Kenya",https://www.ncdc.noaa.gov/paleo/study/1855,CoralHydro2k v1.0.0,Extra information supplied that is not included in publication such as higher precision slope value. Noted as exposed to open ocean; seasonally influenced by river discharge,d18O,n/a,permil,CE,ch2k_CO00MAL01412_189
coral,n/a,MO20WOA01,-2.0,7.400000095367432,144.0,"Wolei Atoll, Fed. States of Micronesia",https://www.ncdc.noaa.gov/paleo/study/31552,CoralHydro2k v1.0.0,uncertainty on Sr/Ca intercept is 0.0018,d18O,n/a,permil,CE,ch2k_MO20WOA01414_190
coral,n/a,MO20WOA01,-2.0,7.400000095367432,144.0,"Wolei Atoll, Fed. States of Micronesia",https://www.ncdc.noaa.gov/paleo/study/31552,CoralHydro2k v1.0.0,uncertainty on Sr/Ca intercept is 0.0018,Sr/Ca,n/a,mmol/mol,CE,ch2k_MO20WOA01416_191
coral,n/a,AB20MEN01,-0.699999988079071,-3.180000066757202,100.51699829101562,"Mentawai Islands, Indonesia",https://www.ncdc.noaa.gov/paleo/study/28451,CoralHydro2k v1.0.0,"Note: Length of coral record increased for Abram et al., 2020 publication relative to Abram et al., 2015",d18O,n/a,permil,CE,ch2k_AB20MEN01420_192
coral,n/a,QU96ESV01,-1.0,-15.0,167.0,"Espiritu Santo Island, Vanuatu",https://www.ncdc.noaa.gov/paleo/study/1839,CoralHydro2k v1.0.0,nan,d18O,n/a,permil,CE,ch2k_QU96ESV01422_193
coral,n/a,DE13HAI01,-4.0,19.290000915527344,110.65599822998047,"Longwan, Qionghai, China",https://www.ncdc.noaa.gov/paleo/study/34412,CoralHydro2k v1.0.0,nan,d18O,n/a,permil,CE,ch2k_DE13HAI01424_194
coral,n/a,DE13HAI01,-4.0,19.290000915527344,110.65599822998047,"Longwan, Qionghai, China",https://www.ncdc.noaa.gov/paleo/study/34412,CoralHydro2k v1.0.0,nan,Sr/Ca,n/a,mmol/mol,CE,ch2k_DE13HAI01426_195
coral,n/a,DE13HAI01,-4.0,19.290000915527344,110.65599822998047,"Longwan, Qionghai, China",https://www.ncdc.noaa.gov/paleo/study/34412,CoralHydro2k v1.0.0,nan,Sr/Ca,n/a,mmol/mol,CE,ch2k_DE13HAI01430_196
coral,n/a,DE13HAI01,-4.0,19.290000915527344,110.65599822998047,"Longwan, Qionghai, China",https://www.ncdc.noaa.gov/paleo/study/34412,CoralHydro2k v1.0.0,nan,d18O,n/a,permil,CE,ch2k_DE13HAI01432_197
coral,n/a,LI94SEC01,-3.0,7.982999801635742,-82.05000305175781,"Secas Island, Panama",https://www.ncdc.noaa.gov/paleo/study/1853,CoralHydro2k v1.0.0,nan,d18O,n/a,permil,CE,ch2k_LI94SEC01436_198
coral,n/a,ZI15CLE01,-10.0,-17.260000228881836,119.26000213623047,"Rowley Shoals, Australia",https://www.ncdc.noaa.gov/paleo/study/19239,CoralHydro2k v1.0.0,"Sr/Ca-SST recconstructed with composite plus scale method to ERSSTv3b, no regression applied",Sr/Ca,n/a,mmol/mol,CE,ch2k_ZI15CLE01438_199
coral,n/a,ZI15CLE01,-10.0,-17.260000228881836,119.26000213623047,"Rowley Shoals, Australia",https://www.ncdc.noaa.gov/paleo/study/19239,CoralHydro2k v1.0.0,"Sr/Ca-SST recconstructed with composite plus scale method to ERSSTv3b, no regression applied",Sr/Ca,n/a,mmol/mol,CE,ch2k_ZI15CLE01440_200
coral,n/a,MU18RED02,-4.5,25.579999923706055,36.54999923706055,"Popponesset, Red Sea",https://www.ncdc.noaa.gov/paleo/study/34393,CoralHydro2k v1.0.0,Mean SST ranges given in paper for northern reef 7.7C; for southern reefs 5.8C,Sr/Ca,n/a,mmol/mol,CE,ch2k_MU18RED02442_201
coral,n/a,ZI08MAY01,-2.0,-12.649999618530273,45.099998474121094,Mayotte,https://www.ncdc.noaa.gov/paleo/study/8424,CoralHydro2k v1.0.0,"in situ d18o; for annual (sr/Ca, slope- -0.0583, intercept - 10.378)",d18O,n/a,permil,CE,ch2k_ZI08MAY01444_202
coral,n/a,ZI08MAY01,-2.0,-12.649999618530273,45.099998474121094,Mayotte,https://www.ncdc.noaa.gov/paleo/study/8424,CoralHydro2k v1.0.0,"in situ d18o; for annual (sr/Ca, slope- -0.0583, intercept - 10.378)",Sr/Ca,n/a,mmol/mol,CE,ch2k_ZI08MAY01446_203
coral,n/a,TU01DEP01,-3.0,-5.2170000076293945,145.81700134277344,"Madang Lagoon, Papua New Guinea",https://www.ncdc.noaa.gov/paleo/study/1866,CoralHydro2k v1.0.0,monthly correlations not reimported,d18O,n/a,permil,CE,ch2k_TU01DEP01450_204
coral,n/a,CO03PAL04,nan,5.869999885559082,-162.1300048828125,"Palmyra Island, United States Minor Outlying Islands",https://www.ncdc.noaa.gov/paleo/study/1875,CoralHydro2k v1.0.0,nan,d18O,n/a,permil,CE,ch2k_CO03PAL04452_205
coral,n/a,RA19PAI01,-4.0,18.540000915527344,122.1500015258789,"Palaui Island, Philippines",https://www.ncdc.noaa.gov/paleo/study/27271,CoralHydro2k v1.0.0,"Sr/Ca calibration equation originally found in Ramos et al. 2017; Monthly Sr/Ca data available from 1880-2012; Monthly and seasonal (DJFM vs JJAS, data input on Jan and July) d18O data available from 1894-2012 and 1880-1893, respectively.",d18O,n/a,permil,CE,ch2k_RA19PAI01454_206
coral,n/a,RA19PAI01,-4.0,18.540000915527344,122.1500015258789,"Palaui Island, Philippines",https://www.ncdc.noaa.gov/paleo/study/27271,CoralHydro2k v1.0.0,"Sr/Ca calibration equation originally found in Ramos et al. 2017; Monthly Sr/Ca data available from 1880-2012; Monthly and seasonal (DJFM vs JJAS, data input on Jan and July) d18O data available from 1894-2012 and 1880-1893, respectively.",Sr/Ca,n/a,mmol/mol,CE,ch2k_RA19PAI01456_207
coral,n/a,AB15BHB01,-0.5,-6.53000020980835,105.62999725341797,"Batu Hitam Beach, Indonesia",https://www.ncdc.noaa.gov/paleo/study/18895,CoralHydro2k v1.0.0,"monthly correlations not reported, instead used IOD season",d18O,n/a,permil,CE,ch2k_AB15BHB01458_208
coral,n/a,FL18DTO01,-3.4000000953674316,24.694900512695312,-82.79830169677734,"Dry Tortugas, Florida, USA",https://www.ncdc.noaa.gov/paleo/study/34553,CoralHydro2k v1.0.0,nan,Sr/Ca,n/a,mmol/mol,CE,ch2k_FL18DTO01460_209
coral,n/a,MO20KOI01,-3.0,5.300000190734863,163.0,"Kosrae Island, Fed. States of Micronesia",https://www.ncdc.noaa.gov/paleo/study/31552,CoralHydro2k v1.0.0,nan,d18O,n/a,permil,CE,ch2k_MO20KOI01462_210
coral,n/a,MO20KOI01,-3.0,5.300000190734863,163.0,"Kosrae Island, Fed. States of Micronesia",https://www.ncdc.noaa.gov/paleo/study/31552,CoralHydro2k v1.0.0,nan,Sr/Ca,n/a,mmol/mol,CE,ch2k_MO20KOI01464_211
coral,n/a,DU94URV01,-4.0,-0.4083999991416931,-91.23400115966797,"Urvina Bay, Isabela Island, Ecuador",https://www.ncdc.noaa.gov/paleo/study/1850,CoralHydro2k v1.0.0,"Core was collected in a subhorizontal, not vertical, orientation from coral colony; indistinct growth banding in top 50 years of core",d18O,n/a,permil,CE,ch2k_DU94URV01468_212
coral,n/a,DU94URV01,-4.0,-0.4083999991416931,-91.23400115966797,"Urvina Bay, Isabela Island, Ecuador",https://www.ncdc.noaa.gov/paleo/study/1850,CoralHydro2k v1.0.0,"Core was collected in a subhorizontal, not vertical, orientation from coral colony; indistinct growth banding in top 50 years of core",d18O,n/a,permil,CE,ch2k_DU94URV01470_213
coral,n/a,CO03PAL08,nan,5.869999885559082,-162.1300048828125,"Palmyra Island, United States Minor Outlying Islands",https://www.ncdc.noaa.gov/paleo/study/1875,CoralHydro2k v1.0.0,nan,d18O,n/a,permil,CE,ch2k_CO03PAL08472_214
coral,n/a,WU14CLI01,nan,10.300000190734863,-109.22000122070312,Clipperton Island,https://doi.pangaea.de/10.1594/PANGAEA.887712,CoralHydro2k v1.0.0,"Composite of cores C2B (13.1m depth), C4B (8.2m), C6A (11.3m), and CF1B (found on beach); reconstructed d18Osw data are anomalies",d18O,n/a,permil,CE,ch2k_WU14CLI01474_215
coral,n/a,WU14CLI01,nan,10.300000190734863,-109.22000122070312,Clipperton Island,https://doi.pangaea.de/10.1594/PANGAEA.887712,CoralHydro2k v1.0.0,"Composite of cores C2B (13.1m depth), C4B (8.2m), C6A (11.3m), and CF1B (found on beach); reconstructed d18Osw data are anomalies",Sr/Ca,n/a,mmol/mol,CE,ch2k_WU14CLI01476_216
coral,n/a,ZI14TUR01,-0.6000000238418579,-23.357200622558594,43.61949920654297,"Tulear Reef, Madagascar",https://www.ncdc.noaa.gov/paleo/study/16438,CoralHydro2k v1.0.0,Published slopes based on composite coral results. Used -0.20.02 permil per 1 deg C regressions,d18O,n/a,permil,CE,ch2k_ZI14TUR01480_217
coral,n/a,ZI14TUR01,-0.6000000238418579,-23.357200622558594,43.61949920654297,"Tulear Reef, Madagascar",https://www.ncdc.noaa.gov/paleo/study/16438,CoralHydro2k v1.0.0,Published slopes based on composite coral results. Used -0.20.02 permil per 1 deg C regressions,d18O,n/a,permil,CE,ch2k_ZI14TUR01482_218
coral,n/a,AB20MEN02,nan,-2.369999885559082,99.74500274658203,"Mentawai Islands, Indonesia",https://www.ncdc.noaa.gov/paleo/study/28451,CoralHydro2k v1.0.0,"Note: Chronology of coral updated for Abram et al., 2020 publication relative to Gagan et al., 2015",d18O,n/a,permil,CE,ch2k_AB20MEN02484_219
coral,n/a,LI99CLI01,-12.5,10.300000190734863,-109.22000122070312,Clipperton Island,https://www.ncdc.noaa.gov/paleo/study/1846,CoralHydro2k v1.0.0,authors describe density banding as poor; some fish grazing scars,d18O,n/a,permil,CE,ch2k_LI99CLI01486_220
coral,n/a,ZI15BUN01,-2.0,-21.836000442504883,114.1780014038086,"Ningaloo Reef, Australia",https://www.ncdc.noaa.gov/paleo/study/19239,CoralHydro2k v1.0.0,"Sr/Ca-SST recconstructed with composite plus scale method to ERSST3b, no regression applied",Sr/Ca,n/a,mmol/mol,CE,ch2k_ZI15BUN01488_221
coral,n/a,ZI15BUN01,-2.0,-21.836000442504883,114.1780014038086,"Ningaloo Reef, Australia",https://www.ncdc.noaa.gov/paleo/study/19239,CoralHydro2k v1.0.0,"Sr/Ca-SST recconstructed with composite plus scale method to ERSST3b, no regression applied",Sr/Ca,n/a,mmol/mol,CE,ch2k_ZI15BUN01490_222
coral,n/a,FE18RUS01,-3.0,27.84830093383789,34.310001373291016,"Ras Umm Sidd, Egypt",https://doi.pangaea.de/10.1594/PANGAEA.891094,CoralHydro2k v1.0.0,"Annual regression slopes (-0.29 / C, -0.115 mmol/mol / C) imply an apparent amplification of inferred SST variations on interannual and longer timescales.",d18O,n/a,permil,CE,ch2k_FE18RUS01492_223
coral,n/a,FE18RUS01,-3.0,27.84830093383789,34.310001373291016,"Ras Umm Sidd, Egypt",https://doi.pangaea.de/10.1594/PANGAEA.891094,CoralHydro2k v1.0.0,"Annual regression slopes (-0.29 / C, -0.115 mmol/mol / C) imply an apparent amplification of inferred SST variations on interannual and longer timescales.",Sr/Ca,n/a,mmol/mol,CE,ch2k_FE18RUS01494_224
coral,n/a,FE18RUS01,-3.0,27.84830093383789,34.310001373291016,"Ras Umm Sidd, Egypt",https://doi.pangaea.de/10.1594/PANGAEA.891094,CoralHydro2k v1.0.0,"Annual regression slopes (-0.29 / C, -0.115 mmol/mol / C) imply an apparent amplification of inferred SST variations on interannual and longer timescales.",Sr/Ca,n/a,mmol/mol,CE,ch2k_FE18RUS01496_225
coral,n/a,FE18RUS01,-3.0,27.84830093383789,34.310001373291016,"Ras Umm Sidd, Egypt",https://doi.pangaea.de/10.1594/PANGAEA.891094,CoralHydro2k v1.0.0,"Annual regression slopes (-0.29 / C, -0.115 mmol/mol / C) imply an apparent amplification of inferred SST variations on interannual and longer timescales.",d18O,n/a,permil,CE,ch2k_FE18RUS01498_226
coral,n/a,WU13TON01,-1.0,-19.933300018310547,-174.71670532226562,"Ha'afera, Tonga",https://www.ncdc.noaa.gov/paleo/study/15238,CoralHydro2k v1.0.0,"Microatoll with core taken from top and side and spliced together; As with all coral timeseries, exact months are not known, so annual averages sometimes represent more or less than 12 months.",d18O,n/a,permil,CE,ch2k_WU13TON01502_227
coral,n/a,WU13TON01,-1.0,-19.933300018310547,-174.71670532226562,"Ha'afera, Tonga",https://www.ncdc.noaa.gov/paleo/study/15238,CoralHydro2k v1.0.0,"Microatoll with core taken from top and side and spliced together; As with all coral timeseries, exact months are not known, so annual averages sometimes represent more or less than 12 months.",Sr/Ca,n/a,mmol/mol,CE,ch2k_WU13TON01504_228
coral,n/a,WU13TON01,-1.0,-19.933300018310547,-174.71670532226562,"Ha'afera, Tonga",https://www.ncdc.noaa.gov/paleo/study/15238,CoralHydro2k v1.0.0,"Microatoll with core taken from top and side and spliced together; As with all coral timeseries, exact months are not known, so annual averages sometimes represent more or less than 12 months.",Sr/Ca,n/a,mmol/mol,CE,ch2k_WU13TON01506_229
coral,n/a,WU13TON01,-1.0,-19.933300018310547,-174.71670532226562,"Ha'afera, Tonga",https://www.ncdc.noaa.gov/paleo/study/15238,CoralHydro2k v1.0.0,"Microatoll with core taken from top and side and spliced together; As with all coral timeseries, exact months are not known, so annual averages sometimes represent more or less than 12 months.",d18O,n/a,permil,CE,ch2k_WU13TON01508_230
coral,n/a,KI14PAR01,-7.0,18.0,-67.0,"La Parguera, Puerto Rico",https://www.ncdc.noaa.gov/paleo/study/34953,CoralHydro2k v1.0.0,This is the bottom part of a core that included an unconformity. Base of the coral is u-series dated and age model is from bands counted up from there.,d18O,n/a,permil,CE,ch2k_KI14PAR01510_231
coral,n/a,KI14PAR01,-7.0,18.0,-67.0,"La Parguera, Puerto Rico",https://www.ncdc.noaa.gov/paleo/study/34953,CoralHydro2k v1.0.0,This is the bottom part of a core that included an unconformity. Base of the coral is u-series dated and age model is from bands counted up from there.,Sr/Ca,n/a,mmol/mol,CE,ch2k_KI14PAR01512_232
coral,n/a,KI14PAR01,-7.0,18.0,-67.0,"La Parguera, Puerto Rico",https://www.ncdc.noaa.gov/paleo/study/34953,CoralHydro2k v1.0.0,This is the bottom part of a core that included an unconformity. Base of the coral is u-series dated and age model is from bands counted up from there.,Sr/Ca,n/a,mmol/mol,CE,ch2k_KI14PAR01516_233
coral,n/a,KI14PAR01,-7.0,18.0,-67.0,"La Parguera, Puerto Rico",https://www.ncdc.noaa.gov/paleo/study/34953,CoralHydro2k v1.0.0,This is the bottom part of a core that included an unconformity. Base of the coral is u-series dated and age model is from bands counted up from there.,d18O,n/a,permil,CE,ch2k_KI14PAR01518_234
coral,n/a,ZI14IFR02,-1.7999999523162842,-23.15730094909668,43.588199615478516,"Ifaty Reef, Madagascar",https://www.ncdc.noaa.gov/paleo/study/16438,CoralHydro2k v1.0.0,Published slopes based on composite coral results. Used -0.20.02 permil per 1 deg C regressions,d18O,n/a,permil,CE,ch2k_ZI14IFR02522_235
coral,n/a,ZI14IFR02,-1.7999999523162842,-23.15730094909668,43.588199615478516,"Ifaty Reef, Madagascar",https://www.ncdc.noaa.gov/paleo/study/16438,CoralHydro2k v1.0.0,Published slopes based on composite coral results. Used -0.20.02 permil per 1 deg C regressions,d18O,n/a,permil,CE,ch2k_ZI14IFR02524_236
coral,n/a,XU15BVI02,nan,18.719999313354492,-64.31670379638672,"Anegada, British Virgin Islands",https://www.ncdc.noaa.gov/paleo/study/21011,CoralHydro2k v1.0.0,nan,Sr/Ca,n/a,mmol/mol,CE,ch2k_XU15BVI02526_237
coral,n/a,KI08PAR01,-5.0,17.93000030517578,-67.0,"La Parguera, Puerto Rico",https://www.ncdc.noaa.gov/paleo/study/6117,CoralHydro2k v1.0.0,nan,d18O,n/a,permil,CE,ch2k_KI08PAR01528_238
coral,n/a,KI08PAR01,-5.0,17.93000030517578,-67.0,"La Parguera, Puerto Rico",https://www.ncdc.noaa.gov/paleo/study/6117,CoralHydro2k v1.0.0,nan,Sr/Ca,n/a,mmol/mol,CE,ch2k_KI08PAR01530_239
coral,n/a,KI08PAR01,-5.0,17.93000030517578,-67.0,"La Parguera, Puerto Rico",https://www.ncdc.noaa.gov/paleo/study/6117,CoralHydro2k v1.0.0,nan,Sr/Ca,n/a,mmol/mol,CE,ch2k_KI08PAR01532_240
coral,n/a,KI08PAR01,-5.0,17.93000030517578,-67.0,"La Parguera, Puerto Rico",https://www.ncdc.noaa.gov/paleo/study/6117,CoralHydro2k v1.0.0,nan,d18O,n/a,permil,CE,ch2k_KI08PAR01534_241
coral,n/a,AB20MEN06,nan,-3.036600112915039,100.23069763183594,"Mentawai Islands, Indonesia",https://www.ncdc.noaa.gov/paleo/study/28451,CoralHydro2k v1.0.0,Fossil Coral,d18O,n/a,permil,CE,ch2k_AB20MEN06536_242
coral,n/a,AB08MEN01,-6.0,-0.12999999523162842,98.5199966430664,"Mentawai Islands, Indonesia",https://www.ncdc.noaa.gov/paleo/study/8607,CoralHydro2k v1.0.0,"Composite of three cores: PG01-A-2, TN99-A-4, TM01-A-10.",d18O,n/a,permil,CE,ch2k_AB08MEN01538_243
coral,n/a,NU09KIR01,-9.0,1.8667000532150269,-157.39999389648438,"Kiritimati (Christmas) Island, Republic of Kiribati",https://www.ncdc.noaa.gov/paleo/study/8609,CoralHydro2k v1.0.0,nan,d18O,n/a,permil,CE,ch2k_NU09KIR01540_244
coral,n/a,NU09KIR01,-9.0,1.8667000532150269,-157.39999389648438,"Kiritimati (Christmas) Island, Republic of Kiribati",https://www.ncdc.noaa.gov/paleo/study/8609,CoralHydro2k v1.0.0,nan,Sr/Ca,n/a,mmol/mol,CE,ch2k_NU09KIR01542_245
coral,n/a,RI10PBL01,-6.0,11.5,92.69000244140625,"Port Blair, Andaman Islands, India",https://www.ncdc.noaa.gov/paleo/study/9639,CoralHydro2k v1.0.0,slope and y-intercept information only available for mean annual calibrations,d18O,n/a,permil,CE,ch2k_RI10PBL01546_246
coral,n/a,CA14BUT01,-5.0,3.200000047683716,172.8000030517578,"Butaritari Atoll, Republic of Kiribati",https://www.ncdc.noaa.gov/paleo/study/17289,CoralHydro2k v1.0.0,"used published values (i.e., not locally derived) for Sr/Ca-SST and d18O-SST slopes",d18O,n/a,permil,CE,ch2k_CA14BUT01548_247
coral,n/a,CA14BUT01,-5.0,3.200000047683716,172.8000030517578,"Butaritari Atoll, Republic of Kiribati",https://www.ncdc.noaa.gov/paleo/study/17289,CoralHydro2k v1.0.0,"used published values (i.e., not locally derived) for Sr/Ca-SST and d18O-SST slopes",Sr/Ca,n/a,mmol/mol,CE,ch2k_CA14BUT01550_248
coral,n/a,FL18DTO02,-3.700000047683716,24.694599151611328,-82.7948989868164,"Dry Tortugas, Florida, USA",https://www.ncdc.noaa.gov/paleo/study/34553,CoralHydro2k v1.0.0,nan,Sr/Ca,n/a,mmol/mol,CE,ch2k_FL18DTO02554_249
coral,n/a,FL18DTO04,-4.5,24.702999114990234,-82.84400177001953,"Dry Tortugas, Florida, USA",https://www.ncdc.noaa.gov/paleo/study/34553,CoralHydro2k v1.0.0,nan,Sr/Ca,n/a,mmol/mol,CE,ch2k_FL18DTO04556_250
coral,n/a,BA04FIJ01,-2.0,-16.81999969482422,179.22999572753906,"Savusavu Bay, Vanua Levu, Fiji",https://www.ncdc.noaa.gov/paleo/study/1881,CoralHydro2k v1.0.0,nan,d18O,n/a,permil,CE,ch2k_BA04FIJ01558_251
coral,n/a,BA04FIJ01,-2.0,-16.81999969482422,179.22999572753906,"Savusavu Bay, Vanua Levu, Fiji",https://www.ncdc.noaa.gov/paleo/study/1881,CoralHydro2k v1.0.0,nan,Sr/Ca,n/a,mmol/mol,CE,ch2k_BA04FIJ01560_252
coral,n/a,HE02GBR01,nan,-17.780000686645508,146.1300048828125,"Central Great Barrier Reef, Australia",https://www.ncdc.noaa.gov/paleo/study/1869,CoralHydro2k v1.0.0,The record is a composite of 8 cores across the GBR region; Error is provided in upper and lower bounds; data as anomalies only,d18O,n/a,permil,CE,ch2k_HE02GBR01562_253
coral,n/a,HE02GBR01,nan,-17.780000686645508,146.1300048828125,"Central Great Barrier Reef, Australia",https://www.ncdc.noaa.gov/paleo/study/1869,CoralHydro2k v1.0.0,The record is a composite of 8 cores across the GBR region; Error is provided in upper and lower bounds; data as anomalies only,Sr/Ca,n/a,mmol/mol,CE,ch2k_HE02GBR01564_254
coral,n/a,GO08BER01,-16.0,32.33000183105469,-64.68000030517578,Bermuda,https://www.ncdc.noaa.gov/paleo/study/34394,CoralHydro2k v1.0.0,See Goodkin et al 2005 for interannual Sr/Ca calibration,d18O,n/a,permil,CE,ch2k_GO08BER01568_255
coral,n/a,GO08BER01,-16.0,32.33000183105469,-64.68000030517578,Bermuda,https://www.ncdc.noaa.gov/paleo/study/34394,CoralHydro2k v1.0.0,See Goodkin et al 2005 for interannual Sr/Ca calibration,Sr/Ca,n/a,mmol/mol,CE,ch2k_GO08BER01570_256
coral,n/a,GO08BER01,-16.0,32.33000183105469,-64.68000030517578,Bermuda,https://www.ncdc.noaa.gov/paleo/study/34394,CoralHydro2k v1.0.0,See Goodkin et al 2005 for interannual Sr/Ca calibration,Sr/Ca,n/a,mmol/mol,CE,ch2k_GO08BER01572_257
coral,n/a,GO08BER01,-16.0,32.33000183105469,-64.68000030517578,Bermuda,https://www.ncdc.noaa.gov/paleo/study/34394,CoralHydro2k v1.0.0,See Goodkin et al 2005 for interannual Sr/Ca calibration,d18O,n/a,permil,CE,ch2k_GO08BER01574_258
coral,n/a,CA13TUR01,-5.800000190734863,17.30699920654297,-87.8010025024414,"Turneffe Atoll, Belize",https://www.ncdc.noaa.gov/paleo/study/17378,CoralHydro2k v1.0.0,nan,d18O,n/a,permil,CE,ch2k_CA13TUR01580_259
coral,n/a,LI06FIJ01,-10.0,-16.81999969482422,179.22999572753906,"Savusavu Bay, Vanua Levu, Fiji",https://www.ncdc.noaa.gov/paleo/study/1003973,CoralHydro2k v1.0.0,mm-scale drilling but available data is at annual resolution,d18O,n/a,permil,CE,ch2k_LI06FIJ01582_260
coral,n/a,HE18COC01,-5.800000190734863,-12.087499618530273,96.87519836425781,"Cocos (Keeling) Islands, Australia",https://www.ncdc.noaa.gov/paleo/study/23390,CoralHydro2k v1.0.0,Sr/Ca regression slope error is estimated to be (+/-) 0.21 degrees C; Used the Zinke (2015) method - normalised and scaled to the s.d. SST box of the period 1961-1990; equation based on composite of 2 cores,d18O,n/a,permil,CE,ch2k_HE18COC01584_261
coral,n/a,HE18COC01,-5.800000190734863,-12.087499618530273,96.87519836425781,"Cocos (Keeling) Islands, Australia",https://www.ncdc.noaa.gov/paleo/study/23390,CoralHydro2k v1.0.0,Sr/Ca regression slope error is estimated to be (+/-) 0.21 degrees C; Used the Zinke (2015) method - normalised and scaled to the s.d. SST box of the period 1961-1990; equation based on composite of 2 cores,Sr/Ca,n/a,mmol/mol,CE,ch2k_HE18COC01586_262
coral,n/a,FL17DTO01,-3.4000000953674316,24.69860076904297,-82.79859924316406,"Dry Tortugas, Florida, USA",https://www.ncdc.noaa.gov/paleo/study/34552,CoralHydro2k v1.0.0,nan,Sr/Ca,n/a,mmol/mol,CE,ch2k_FL17DTO01590_263
coral,n/a,FL17DTO01,-3.4000000953674316,24.69860076904297,-82.79859924316406,"Dry Tortugas, Florida, USA",https://www.ncdc.noaa.gov/paleo/study/34552,CoralHydro2k v1.0.0,nan,Sr/Ca,n/a,mmol/mol,CE,ch2k_FL17DTO01592_264
coral,n/a,BO99MOO01,-5.0,-17.5,-149.8300018310547,"Moorea, French Polynesia",https://www.ncdc.noaa.gov/paleo/study/1876,CoralHydro2k v1.0.0,7 calibration equations are available in Boiseau et al. 1998 (this database contains Equation (1) information),d18O,n/a,permil,CE,ch2k_BO99MOO01594_265
coral,n/a,CH03LOM01,-5.0,-8.25,115.5,"Padang Bai, Bali, Indonesia",https://www.ncdc.noaa.gov/paleo/study/1903,CoralHydro2k v1.0.0,This paper did not calibrate the d18O proxy or reconstruct temperature. It instead analyzed variability through time by directly using the d18O proxy.,d18O,n/a,permil,CE,ch2k_CH03LOM01596_266
coral,n/a,SA19PAL01,-10.0,5.877999782562256,-162.14199829101562,"Palmyra Island, United States Minor Outlying Islands",https://www.ncdc.noaa.gov/paleo/study/34692,CoralHydro2k v1.0.0,nan,d18O,n/a,permil,CE,ch2k_SA19PAL01598_267
coral,n/a,SA19PAL01,-10.0,5.877999782562256,-162.14199829101562,"Palmyra Island, United States Minor Outlying Islands",https://www.ncdc.noaa.gov/paleo/study/34692,CoralHydro2k v1.0.0,nan,Sr/Ca,n/a,mmol/mol,CE,ch2k_SA19PAL01600_268
coral,n/a,CH97BVB01,-7.0,-4.616199970245361,55.81700134277344,"Mahe Island, Republic of the Seychelles",https://www.ncdc.noaa.gov/paleo/study/1857,CoralHydro2k v1.0.0,nan,d18O,n/a,permil,CE,ch2k_CH97BVB01602_269
coral,n/a,RA20TAI01,-6.0,21.899999618530273,120.69999694824219,"Houbihu, Taiwan",https://www.ncdc.noaa.gov/paleo/study/29412,CoralHydro2k v1.0.0,"Monthly Sr/Ca data available from 1788-2013; Monthly and seasonal (DJFM vs JJAS, data input on Jan and July) d18O data available from 1906-2013 and 1788-1905 respectively.",d18O,n/a,permil,CE,ch2k_RA20TAI01604_270
coral,n/a,RA20TAI01,-6.0,21.899999618530273,120.69999694824219,"Houbihu, Taiwan",https://www.ncdc.noaa.gov/paleo/study/29412,CoralHydro2k v1.0.0,"Monthly Sr/Ca data available from 1788-2013; Monthly and seasonal (DJFM vs JJAS, data input on Jan and July) d18O data available from 1906-2013 and 1788-1905 respectively.",Sr/Ca,n/a,mmol/mol,CE,ch2k_RA20TAI01606_271
