datasetId,archiveType,dataSetName,duplicateDetails,geo_meanElev,geo_meanLat,geo_meanLon,geo_siteName,interpretation_direction,interpretation_seasonality,interpretation_variable,interpretation_variableDetail,originalDataURL,originalDatabase,paleoData_notes,paleoData_proxy,paleoData_sensorSpecies,paleoData_units,paleoData_variableName,yearUnits
ch2k_CH03BUN01_0,Coral,CH03BUN01,N/A,-3.0,1.5,124.83000183105469,"Bunaken Island, Indonesia",N/A,N/A,temperature+moisture,temperature+moisture - manually assigned by DoD2k authors for paleoData_proxy = d18O,https://www.ncdc.noaa.gov/paleo/study/1903,CoralHydro2k v1.0.1,This paper did not calibrate the d18O proxy or reconstruct temperature. It instead analyzed variability through time by directly using the d18O proxy.,d18O,Porites sp.,permil,d18O,CE
ch2k_ZI15MER01_2,Coral,ZI15MER01,"{0: {'duplicate ID': 'ch2k_ZI15MER01_4', 'duplicate database': 'CoralHydro2k v1.0.1', 'duplicate decision': 'REMOVE', 'decision type': 'AUTO: IDENTICAL', 'operator': 'N/A', 'note': 'N/A'}}",-17.0,-17.100000381469727,119.5999984741211,"Rowley Shoals, Australia",N/A,N/A,temperature,temperature - manually assigned by DoD2k authors for paleoData_proxy = Sr/Ca,https://www.ncdc.noaa.gov/paleo/study/19239,CoralHydro2k v1.0.1,"Sr/Ca-SST recconstructed with composite plus scale method to ERSSTv3b, no regression applied",Sr/Ca,Porites sp.,mmol/mol,SrCa,CE
ch2k_CO03PAL03_6,Coral,CO03PAL03,N/A,nan,5.869999885559082,-162.1300048828125,"Palmyra Island, United States Minor Outlying Islands",N/A,N/A,temperature+moisture,temperature+moisture - manually assigned by DoD2k authors for paleoData_proxy = d18O,https://www.ncdc.noaa.gov/paleo/study/1875,CoralHydro2k v1.0.1,nan,d18O,Porites lutea,permil,d18O,CE
ch2k_CO03PAL02_8,Coral,CO03PAL02,N/A,nan,5.869999885559082,-162.1300048828125,"Palmyra Island, United States Minor Outlying Islands",N/A,N/A,temperature+moisture,temperature+moisture - manually assigned by DoD2k authors for paleoData_proxy = d18O,https://www.ncdc.noaa.gov/paleo/study/1875,CoralHydro2k v1.0.1,nan,d18O,Porites lutea,permil,d18O,CE
ch2k_LI06RAR01_12,Coral,LI06RAR01,N/A,-18.0,-21.23780059814453,-159.8278045654297,"Rarotonga, Cook Islands",N/A,N/A,temperature+moisture,temperature+moisture - manually assigned by DoD2k authors for paleoData_proxy = d18O,https://www.ncdc.noaa.gov/paleo/study/6089,CoralHydro2k v1.0.1,Individual coral records that are part of the Rarotonga composite,d18O,Porites lutea,permil,d18O,CE
ch2k_CO03PAL07_14,Coral,CO03PAL07,N/A,nan,5.869999885559082,-162.1300048828125,"Palmyra Island, United States Minor Outlying Islands",N/A,N/A,temperature+moisture,temperature+moisture - manually assigned by DoD2k authors for paleoData_proxy = d18O,https://www.ncdc.noaa.gov/paleo/study/1875,CoralHydro2k v1.0.1,nan,d18O,Porites lutea,permil,d18O,CE
ch2k_FL18DTO03_16,Coral,FL18DTO03,N/A,-3.9000000953674316,24.702999114990234,-82.8479995727539,"Dry Tortugas, Florida, USA",N/A,N/A,temperature,temperature - manually assigned by DoD2k authors for paleoData_proxy = Sr/Ca,https://www.ncdc.noaa.gov/paleo/study/34553,CoralHydro2k v1.0.1,nan,Sr/Ca,Orbicella faveolata,mmol/mol,SrCa,CE
ch2k_UR00MAI01_22,Coral,UR00MAI01,N/A,-6.0,1.0,173.0,"Maiana, Republic of Kiribati",N/A,N/A,temperature+moisture,temperature+moisture - manually assigned by DoD2k authors for paleoData_proxy = d18O,https://www.ncdc.noaa.gov/paleo/study/1859,CoralHydro2k v1.0.1,nan,d18O,Porites sp.,permil,d18O,CE
ch2k_TU95MAD01_24,Coral,TU95MAD01,N/A,-0.20000000298023224,-5.21999979019165,145.82000732421875,"Madang Lagoon, Papua New Guinea",N/A,N/A,temperature+moisture,temperature+moisture - manually assigned by DoD2k authors for paleoData_proxy = d18O,https://www.ncdc.noaa.gov/paleo/study/1844,CoralHydro2k v1.0.1,monthly correlations with SST not reported,d18O,Porites sp.,permil,d18O,CE
ch2k_ZI04IFR01_26,Coral,ZI04IFR01,N/A,-1.100000023841858,-23.149999618530273,43.58000183105469,"Ifaty Reef, Madagascar",N/A,N/A,temperature+moisture,temperature+moisture - manually assigned by DoD2k authors for paleoData_proxy = d18O,https://www.ncdc.noaa.gov/paleo/study/1897,CoralHydro2k v1.0.1,Other calibration slopes are available in Zinke et al. 2004; 1920-1995 samples monthly; 1919-1658 sampled bimonthly,d18O,Porites lobata,permil,d18O,CE
ch2k_RE18CAY01_30,Coral,RE18CAY01,N/A,-9.0,19.700000762939453,-80.05999755859375,"Little Cayman, Cayman Islands",N/A,N/A,temperature+moisture,temperature+moisture - manually assigned by DoD2k authors for paleoData_proxy = d18O,https://www.ncdc.noaa.gov/paleo/study/23850,CoralHydro2k v1.0.1,nan,d18O,Pseudodiploria strigosa,permil,d18O,CE
ch2k_RE18CAY01_32,Coral,RE18CAY01,N/A,-9.0,19.700000762939453,-80.05999755859375,"Little Cayman, Cayman Islands",N/A,N/A,temperature,temperature - manually assigned by DoD2k authors for paleoData_proxy = Sr/Ca,https://www.ncdc.noaa.gov/paleo/study/23850,CoralHydro2k v1.0.1,nan,Sr/Ca,Pseudodiploria strigosa,mmol/mol,SrCa,CE
ch2k_RE18CAY01_34,Coral,RE18CAY01,N/A,-9.0,19.700000762939453,-80.05999755859375,"Little Cayman, Cayman Islands",N/A,N/A,temperature,temperature - manually assigned by DoD2k authors for paleoData_proxy = Sr/Ca,https://www.ncdc.noaa.gov/paleo/study/23850,CoralHydro2k v1.0.1,nan,Sr/Ca,Pseudodiploria strigosa,mmol/mol,SrCa_annual,CE
ch2k_RE18CAY01_36,Coral,RE18CAY01,N/A,-9.0,19.700000762939453,-80.05999755859375,"Little Cayman, Cayman Islands",N/A,N/A,temperature+moisture,temperature+moisture - manually assigned by DoD2k authors for paleoData_proxy = d18O,https://www.ncdc.noaa.gov/paleo/study/23850,CoralHydro2k v1.0.1,nan,d18O,Pseudodiploria strigosa,permil,d18O_annual,CE
ch2k_KU99HOU01_40,Coral,KU99HOU01,N/A,-5.0,-28.461700439453125,113.76830291748047,"Houtman Abrolhos Islands, Australia",N/A,N/A,temperature+moisture,temperature+moisture - manually assigned by DoD2k authors for paleoData_proxy = d18O,https://www.ncdc.noaa.gov/paleo/study/1856,CoralHydro2k v1.0.1,"1953-1993 and 1961-1993 calibration periods, first with 0.13 slope, latter -0.17 slope",d18O,Porites lutea,permil,d18O,CE
ch2k_OS13NLP01_42,Coral,OS13NLP01,N/A,-3.0,7.656899929046631,134.56509399414062,"Ngeralang, Palau",N/A,N/A,temperature+moisture,temperature+moisture - manually assigned by DoD2k authors for paleoData_proxy = d18O,https://www.ncdc.noaa.gov/paleo/study/16338,CoralHydro2k v1.0.1,nan,d18O,Porites lutea,permil,d18O,CE
ch2k_EV98KIR01_44,Coral,EV98KIR01,N/A,-9.0,2.0,-157.3000030517578,"Kiritimati (Christmas) Island, Republic of Kiribati",N/A,N/A,temperature+moisture,temperature+moisture - manually assigned by DoD2k authors for paleoData_proxy = d18O,https://www.ncdc.noaa.gov/paleo/study/1847,CoralHydro2k v1.0.1,nan,d18O,Porites sp.,permil,d18O,CE
ch2k_LI00RAR01_46,Coral,LI00RAR01,N/A,-18.299999237060547,-21.239999771118164,-159.8300018310547,"Rarotonga, Cook Islands",N/A,N/A,temperature+moisture,temperature+moisture - manually assigned by DoD2k authors for paleoData_proxy = d18O,https://doi.org/10.1594/PANGAEA.874078,CoralHydro2k v1.0.1,Sr/Ca-SST calibrations listed were found in Linsley et al. 2004. The calibration from Linsley et al. 2000 is as follows: slope = -0.082; intercept = 11.568; rsq = 0.75,d18O,Porites lutea,permil,d18O,CE
ch2k_LI00RAR01_48,Coral,LI00RAR01,N/A,-18.299999237060547,-21.239999771118164,-159.8300018310547,"Rarotonga, Cook Islands",N/A,N/A,temperature,temperature - manually assigned by DoD2k authors for paleoData_proxy = Sr/Ca,https://doi.org/10.1594/PANGAEA.874078,CoralHydro2k v1.0.1,Sr/Ca-SST calibrations listed were found in Linsley et al. 2004. The calibration from Linsley et al. 2000 is as follows: slope = -0.082; intercept = 11.568; rsq = 0.75,Sr/Ca,Porites lutea,mmol/mol,SrCa,CE
ch2k_NU11PAL01_52,Coral,NU11PAL01,N/A,-9.0,5.867000102996826,-162.13299560546875,"Palmyra Island, United States Minor Outlying Islands",N/A,N/A,temperature+moisture,temperature+moisture - manually assigned by DoD2k authors for paleoData_proxy = d18O,https://www.ncdc.noaa.gov/paleo/study/10373,CoralHydro2k v1.0.1,nan,d18O,Porites lutea,permil,d18O,CE
ch2k_NU11PAL01_54,Coral,NU11PAL01,N/A,-9.0,5.867000102996826,-162.13299560546875,"Palmyra Island, United States Minor Outlying Islands",N/A,N/A,temperature,temperature - manually assigned by DoD2k authors for paleoData_proxy = Sr/Ca,https://www.ncdc.noaa.gov/paleo/study/10373,CoralHydro2k v1.0.1,nan,Sr/Ca,Porites lutea,mmol/mol,SrCa,CE
ch2k_MA08DTO01_60,Coral,MA08DTO01,N/A,nan,24.61669921875,-82.86669921875,"Dry Tortugas, Florida, USA",N/A,N/A,temperature,temperature - manually assigned by DoD2k authors for paleoData_proxy = Sr/Ca,https://www.ncdc.noaa.gov/paleo/study/34612,CoralHydro2k v1.0.1,nan,Sr/Ca,Siderastrea siderea,mmol/mol,SrCa,CE
ch2k_CA14TIM01_64,Coral,CA14TIM01,N/A,-3.0,-10.199999809265137,123.51000213623047,"Timor, Indonesia",N/A,N/A,temperature+moisture,temperature+moisture - manually assigned by DoD2k authors for paleoData_proxy = d18O,https://www.ncdc.noaa.gov/paleo/study/19179,CoralHydro2k v1.0.1,nan,d18O,Porites sp.,permil,d18O,CE
ch2k_CA14TIM01_66,Coral,CA14TIM01,N/A,-3.0,-10.199999809265137,123.51000213623047,"Timor, Indonesia",N/A,N/A,temperature,temperature - manually assigned by DoD2k authors for paleoData_proxy = Sr/Ca,https://www.ncdc.noaa.gov/paleo/study/19179,CoralHydro2k v1.0.1,nan,Sr/Ca,Porites sp.,mmol/mol,SrCa,CE
ch2k_KA17RYU01_70,Coral,KA17RYU01,N/A,-3.5,28.299999237060547,130.0,"Kikai Island, Japan",N/A,N/A,temperature,temperature - manually assigned by DoD2k authors for paleoData_proxy = Sr/Ca,https://www.ncdc.noaa.gov/paleo/study/34372,CoralHydro2k v1.0.1,Core data is a composite of overlapping individual pieces and any replicate analyses. Data is seasonal min-max (Feb - Aug),Sr/Ca,Porites sp.,mmol/mol,SrCa,CE
ch2k_MC11KIR01_72,Coral,MC11KIR01,N/A,0.0,2.0,-157.3000030517578,"Kiritimati (Christmas) Island, Republic of Kiribati",N/A,N/A,temperature+moisture,temperature+moisture - manually assigned by DoD2k authors for paleoData_proxy = d18O,https://www.ncdc.noaa.gov/paleo/study/12278,CoralHydro2k v1.0.1,nan,d18O,Porites sp.,permil,d18O,CE
ch2k_AB20MEN09_74,Coral,AB20MEN09,N/A,nan,-3.1259000301361084,100.30940246582031,"Mentawai Islands, Indonesia",N/A,N/A,temperature+moisture,temperature+moisture - manually assigned by DoD2k authors for paleoData_proxy = d18O,https://www.ncdc.noaa.gov/paleo/study/28451,CoralHydro2k v1.0.1,Fossil Coral,d18O,Porites sp.,permil,d18O,CE
ch2k_HE08LRA01_76,Coral,HE08LRA01,N/A,-2.0,11.770000457763672,-66.75,"Cayo Sal, Los Roques Archipelago, Venezuela",N/A,N/A,temperature+moisture,temperature+moisture - manually assigned by DoD2k authors for paleoData_proxy = d18O,https://www.ncdc.noaa.gov/paleo/study/12891,CoralHydro2k v1.0.1,nan,d18O,Pseudodiploria strigosa,permil,d18O,CE
ch2k_DA06MAF01_78,Coral,DA06MAF01,N/A,-6.0,-8.01669979095459,39.5,"Fungu Mrima Reef, Tanzania",N/A,N/A,temperature+moisture,temperature+moisture - manually assigned by DoD2k authors for paleoData_proxy = d18O,https://www.ncdc.noaa.gov/paleo/study/10808,CoralHydro2k v1.0.1,"One core, this record: younger part of core MAF00-01 at monthly resolution (1896-1998);  annual correlation based on 1897-1997 data",d18O,Diploastrea heliopora,permil,d18O,CE
ch2k_NA09MAL01_84,Coral,NA09MAL01,N/A,-0.5,-3.200000047683716,40.099998474121094,"Malindi Marine Park, Kenya",N/A,N/A,temperature+moisture,temperature+moisture - manually assigned by DoD2k authors for paleoData_proxy = d18O,https://www.ncdc.noaa.gov/paleo/study/12994,CoralHydro2k v1.0.1,"monthly correlations not reported, only assesed with IOD; used Cole et al. (2000) slope of -0.24",d18O,Porites lutea,permil,d18O,CE
ch2k_SW98STP01_86,Coral,SW98STP01,N/A,-4.0,1.6699999570846558,7.579999923706055,"Ponta Banana, Principe Island",N/A,N/A,temperature+moisture,temperature+moisture - manually assigned by DoD2k authors for paleoData_proxy = d18O,https://www.ncdc.noaa.gov/paleo/study/1913,CoralHydro2k v1.0.1,nan,d18O,Siderastrea sp.,permil,d18O,CE
ch2k_MU18GSI01_88,Coral,MU18GSI01,N/A,-10.0,-8.380000114440918,115.70999908447266,"Gili Selang, Bali, Indonesia",N/A,N/A,temperature+moisture,temperature+moisture - manually assigned by DoD2k authors for paleoData_proxy = d18O,https://www.ncdc.noaa.gov/paleo/study/25290,CoralHydro2k v1.0.1,Sr/Ca-SST calibrations not published because of weak relationship for both GS and NP cores,d18O,Porites sp.,permil,d18O,CE
ch2k_MU18GSI01_90,Coral,MU18GSI01,N/A,-10.0,-8.380000114440918,115.70999908447266,"Gili Selang, Bali, Indonesia",N/A,N/A,temperature,temperature - manually assigned by DoD2k authors for paleoData_proxy = Sr/Ca,https://www.ncdc.noaa.gov/paleo/study/25290,CoralHydro2k v1.0.1,Sr/Ca-SST calibrations not published because of weak relationship for both GS and NP cores,Sr/Ca,Porites sp.,mmol/mol,SrCa,CE
ch2k_FL17DTO02_102,Coral,FL17DTO02,N/A,-3.0,24.698999404907227,-82.79900360107422,"Dry Tortugas, Florida, USA",N/A,N/A,temperature,temperature - manually assigned by DoD2k authors for paleoData_proxy = Sr/Ca,https://www.ncdc.noaa.gov/paleo/study/34552,CoralHydro2k v1.0.1,nan,Sr/Ca,Siderastrea siderea,mmol/mol,SrCa_annual,CE
ch2k_DA06MAF02_104,Coral,DA06MAF02,N/A,-6.0,-8.01669979095459,39.5,"Fungu Mrima Reef, Tanzania",N/A,N/A,temperature+moisture,temperature+moisture - manually assigned by DoD2k authors for paleoData_proxy = d18O,https://www.ncdc.noaa.gov/paleo/study/10808,CoralHydro2k v1.0.1,"One core, this record: older part of core MAF00-01 at bimonthly resolution (1622-1722)",d18O,Diploastrea heliopora,permil,d18O,CE
ch2k_SA19PAL02_106,Coral,SA19PAL02,N/A,-10.0,5.877999782562256,-162.14199829101562,"Palmyra Island, United States Minor Outlying Islands",N/A,N/A,temperature+moisture,temperature+moisture - manually assigned by DoD2k authors for paleoData_proxy = d18O,https://www.ncdc.noaa.gov/paleo/study/34692,CoralHydro2k v1.0.1,nan,d18O,Porites sp.,permil,d18O,CE
ch2k_SA19PAL02_108,Coral,SA19PAL02,N/A,-10.0,5.877999782562256,-162.14199829101562,"Palmyra Island, United States Minor Outlying Islands",N/A,N/A,temperature,temperature - manually assigned by DoD2k authors for paleoData_proxy = Sr/Ca,https://www.ncdc.noaa.gov/paleo/study/34692,CoralHydro2k v1.0.1,nan,Sr/Ca,Porites sp.,mmol/mol,SrCa,CE
ch2k_CO03PAL01_110,Coral,CO03PAL01,N/A,nan,5.869999885559082,-162.1300048828125,"Palmyra Island, United States Minor Outlying Islands",N/A,N/A,temperature+moisture,temperature+moisture - manually assigned by DoD2k authors for paleoData_proxy = d18O,https://www.ncdc.noaa.gov/paleo/study/1875,CoralHydro2k v1.0.1,nan,d18O,Porites lutea,permil,d18O,CE
ch2k_ZI16ROD01_112,Coral,ZI16ROD01,N/A,-4.0,-19.67099952697754,63.42900085449219,"Rodrigues, Republic of Mauritius",N/A,N/A,temperature,temperature - manually assigned by DoD2k authors for paleoData_proxy = Sr/Ca,https://www.ncdc.noaa.gov/paleo/study/22991,CoralHydro2k v1.0.1,"Totor Sr/Ca core top performed well in many sections, others less good, especially core top since 1988 to 2006. Cabri was much better. There is a table with likely best section in Totor in paper",Sr/Ca,Porites sp.,mmol/mol,SrCa,CE
ch2k_OS13NGP01_114,Coral,OS13NGP01,N/A,-3.0,7.406400203704834,134.435302734375,"Ngaragabel, Palau",N/A,N/A,temperature+moisture,temperature+moisture - manually assigned by DoD2k authors for paleoData_proxy = d18O,https://www.ncdc.noaa.gov/paleo/study/16338,CoralHydro2k v1.0.1,"Multiple linear regression analyses using monthly (non-detrended) anomalies for coral and instrumental SST and SSS data for the period 1970 to 2008. For NGB core, regression equation is: d18O_anom = 0.15 (0.03)*SST + 0.36 (0.07)*SSS.n",d18O,Porites lutea,permil,d18O,CE
ch2k_CH98PIR01_116,Coral,CH98PIR01,N/A,-1.0,22.600000381469727,70.0,"Pirotan Island, Gujarat, India",N/A,N/A,temperature+moisture,temperature+moisture - manually assigned by DoD2k authors for paleoData_proxy = d18O,https://www.ncdc.noaa.gov/paleo/study/1901,CoralHydro2k v1.0.1,"slope is not calculated, reported slope from Weber and Woodhead is used of -0.24",d18O,Favia speciosa,permil,d18O,CE
ch2k_RE19GBR02_118,Coral,RE19GBR02,N/A,-2.0,-12.600000381469727,143.3000030517578,"Portland Roads, Australia",N/A,N/A,temperature+moisture,temperature+moisture - manually assigned by DoD2k authors for paleoData_proxy = d18O,https://www.ncdc.noaa.gov/paleo/study/33732,CoralHydro2k v1.0.1,nan,d18O,Porites sp.,permil,d18O,CE
ch2k_RE19GBR02_120,Coral,RE19GBR02,N/A,-2.0,-12.600000381469727,143.3000030517578,"Portland Roads, Australia",N/A,N/A,temperature,temperature - manually assigned by DoD2k authors for paleoData_proxy = Sr/Ca,https://www.ncdc.noaa.gov/paleo/study/33732,CoralHydro2k v1.0.1,nan,Sr/Ca,Porites sp.,mmol/mol,SrCa,CE
ch2k_MU18RED04_122,Coral,MU18RED04,N/A,-5.0,21.780000686645508,38.83000183105469,"Coral Gardens, Red Sea",N/A,N/A,temperature,temperature - manually assigned by DoD2k authors for paleoData_proxy = Sr/Ca,https://www.ncdc.noaa.gov/paleo/study/34393,CoralHydro2k v1.0.1,"This record is a combination of high-resolution data from Murty et al. 2018 and annual data from Bryan et al. 2019. Studies are independent but were performed on the same coral core (CG). Calibration information, SST range, and analytical error provided are for high-resolution data from Murty et al. 2018.",Sr/Ca,Porites lutea,mmol/mol,SrCa,CE
ch2k_GR13MAD01_126,Coral,GR13MAD01,N/A,-1.0,-17.094999313354492,49.858001708984375,"Nosy Boraha, Madagascar (formerly Ile Sainte-Marie)",N/A,N/A,temperature,temperature - manually assigned by DoD2k authors for paleoData_proxy = Sr/Ca,https://www.ncdc.noaa.gov/paleo/study/24477,CoralHydro2k v1.0.1,nan,Sr/Ca,Porites lutea,mmol/mol,SrCa,CE
ch2k_XI17HAI01_128,Coral,XI17HAI01,"{0: {'duplicate ID': 'ch2k_XI17HAI01_136', 'duplicate database': 'CoralHydro2k v1.0.1', 'duplicate decision': 'REMOVE', 'decision type': 'AUTO: IDENTICAL', 'operator': 'N/A', 'note': 'N/A'}}",nan,19.395000457763672,110.75299835205078,"Fengjiawan, Wenchang, China",N/A,N/A,temperature+moisture,temperature+moisture - manually assigned by DoD2k authors for paleoData_proxy = d18O,https://www.ncdc.noaa.gov/paleo/study/34452,CoralHydro2k v1.0.1,nan,d18O,Porites lutea,permil,d18O,CE
ch2k_XI17HAI01_130,Coral,XI17HAI01,"{0: {'duplicate ID': 'ch2k_XI17HAI01_134', 'duplicate database': 'CoralHydro2k v1.0.1', 'duplicate decision': 'REMOVE', 'decision type': 'AUTO: IDENTICAL', 'operator': 'N/A', 'note': 'N/A'}}",nan,19.395000457763672,110.75299835205078,"Fengjiawan, Wenchang, China",N/A,N/A,temperature,temperature - manually assigned by DoD2k authors for paleoData_proxy = Sr/Ca,https://www.ncdc.noaa.gov/paleo/study/34452,CoralHydro2k v1.0.1,nan,Sr/Ca,Porites lutea,mmol/mol,SrCa,CE
ch2k_DE14DTO03_140,Coral,DE14DTO03,"{0: {'duplicate ID': 'ch2k_DE14DTO01_148', 'duplicate database': 'CoralHydro2k v1.0.1', 'duplicate decision': 'REMOVE', 'decision type': 'MANUAL', 'operator': ' Operated by Lucie Luecke (LL), E-Mail ljluec1@st-andrews.ac.uk, Created on 2025-11-11 082600.242025 (UTC)', 'note': nan}}",-4.300000190734863,24.69879913330078,-82.79740142822266,"Dry Tortugas, Florida, USA",N/A,N/A,temperature,temperature - manually assigned by DoD2k authors for paleoData_proxy = Sr/Ca,https://www.ncdc.noaa.gov/paleo/study/11935,CoralHydro2k v1.0.1,"Same colony as 08PS-A2, but different core and core top age",Sr/Ca,Siderastrea siderea,mmol/mol,SrCa,CE
ch2k_KL97DAH01_142,Coral,KL97DAH01,N/A,-4.0,15.716699600219727,39.900001525878906,"Dur-Ghella Island, Eritrea",N/A,N/A,temperature+moisture,temperature+moisture - manually assigned by DoD2k authors for paleoData_proxy = d18O,https://doi.pangaea.de/10.1594/PANGAEA.830601,CoralHydro2k v1.0.1,nan,d18O,Porites sp.,permil,d18O,CE
ch2k_QU06RAB01_144,Coral,QU06RAB01,N/A,-8.0,-4.179999828338623,151.97999572753906,"Rabaul, East New Britain, Papua New Guinea",N/A,N/A,temperature+moisture,temperature+moisture - manually assigned by DoD2k authors for paleoData_proxy = d18O,https://www.ncdc.noaa.gov/paleo/study/6116,CoralHydro2k v1.0.1,nan,d18O,Porites lobata,permil,d18O,CE
ch2k_QU06RAB01_146,Coral,QU06RAB01,N/A,-8.0,-4.179999828338623,151.97999572753906,"Rabaul, East New Britain, Papua New Guinea",N/A,N/A,temperature,temperature - manually assigned by DoD2k authors for paleoData_proxy = Sr/Ca,https://www.ncdc.noaa.gov/paleo/study/6116,CoralHydro2k v1.0.1,nan,Sr/Ca,Porites lobata,mmol/mol,SrCa,CE
ch2k_KU00NIN01_150,Coral,KU00NIN01,N/A,-3.0,-21.905000686645508,113.96499633789062,"Ningaloo Reef, Australia",N/A,N/A,temperature+moisture,temperature+moisture - manually assigned by DoD2k authors for paleoData_proxy = d18O,https://www.ncdc.noaa.gov/paleo/study/1867,CoralHydro2k v1.0.1,used Gagan 1994 d18O slope,d18O,Porites lutea,permil,d18O,CE
ch2k_TU01SIA01_152,Coral,TU01SIA01,N/A,-4.0,-6.079999923706055,147.60000610351562,"Sialum, Huon Peninsula, Papua New Guinea",N/A,N/A,temperature+moisture,temperature+moisture - manually assigned by DoD2k authors for paleoData_proxy = d18O,https://www.ncdc.noaa.gov/paleo/study/1867,CoralHydro2k v1.0.1,monthly correlations not reported,d18O,Porites sp.,permil,d18O,CE
ch2k_RE19GBR01_154,Coral,RE19GBR01,N/A,-4.0,-12.5,143.52000427246094,"Eel Reef, Australia",N/A,N/A,temperature+moisture,temperature+moisture - manually assigned by DoD2k authors for paleoData_proxy = d18O,https://www.ncdc.noaa.gov/paleo/study/33732,CoralHydro2k v1.0.1,nan,d18O,Porites sp.,permil,d18O,CE
ch2k_RE19GBR01_156,Coral,RE19GBR01,N/A,-4.0,-12.5,143.52000427246094,"Eel Reef, Australia",N/A,N/A,temperature,temperature - manually assigned by DoD2k authors for paleoData_proxy = Sr/Ca,https://www.ncdc.noaa.gov/paleo/study/33732,CoralHydro2k v1.0.1,nan,Sr/Ca,Porites sp.,mmol/mol,SrCa,CE
ch2k_GR13MAD02_158,Coral,GR13MAD02,N/A,-0.5,-17.089000701904297,49.861000061035156,"Nosy Boraha, Madagascar (formerly Ile Sainte-Marie)",N/A,N/A,temperature,temperature - manually assigned by DoD2k authors for paleoData_proxy = Sr/Ca,https://www.ncdc.noaa.gov/paleo/study/24477,CoralHydro2k v1.0.1,"STM4 Sr/Ca core top was too cold vs STM2, would be careful. STM2 is really good, compares well to Rodrigures core Cabri",Sr/Ca,Porites lutea,mmol/mol,SrCa,CE
ch2k_AB20MEN07_160,Coral,AB20MEN07,N/A,nan,-3.1261000633239746,100.30970001220703,"Mentawai Islands, Indonesia",N/A,N/A,temperature+moisture,temperature+moisture - manually assigned by DoD2k authors for paleoData_proxy = d18O,https://www.ncdc.noaa.gov/paleo/study/28451,CoralHydro2k v1.0.1,Fossil Coral,d18O,Porites sp.,permil,d18O,CE
ch2k_BR19RED01_162,Coral,BR19RED01,N/A,-5.0,19.889999389648438,39.959999084472656,"Canyon, Red Sea",N/A,N/A,temperature,temperature - manually assigned by DoD2k authors for paleoData_proxy = Sr/Ca,https://www.ncdc.noaa.gov/paleo/study/26531,CoralHydro2k v1.0.1,nan,Sr/Ca,Porites sp.,mmol/mol,SrCa,CE
ch2k_NU09FAN01_166,Coral,NU09FAN01,N/A,-11.0,3.8499999046325684,-159.35000610351562,"Tabuaeran (Fanning Island), Republic of Kiribati",N/A,N/A,temperature+moisture,temperature+moisture - manually assigned by DoD2k authors for paleoData_proxy = d18O,https://www.ncdc.noaa.gov/paleo/study/8609,CoralHydro2k v1.0.1,Two cores were spliced at 1984 to avoid secondary aragonite,d18O,Porites sp.,permil,d18O,CE
ch2k_NU09FAN01_168,Coral,NU09FAN01,N/A,-11.0,3.8499999046325684,-159.35000610351562,"Tabuaeran (Fanning Island), Republic of Kiribati",N/A,N/A,temperature,temperature - manually assigned by DoD2k authors for paleoData_proxy = Sr/Ca,https://www.ncdc.noaa.gov/paleo/study/8609,CoralHydro2k v1.0.1,Two cores were spliced at 1984 to avoid secondary aragonite,Sr/Ca,Porites sp.,mmol/mol,SrCa,CE
ch2k_MU18RED01_172,Coral,MU18RED01,N/A,-4.0,27.979999542236328,34.810001373291016,"Semicolon, Red Sea",N/A,N/A,temperature,temperature - manually assigned by DoD2k authors for paleoData_proxy = Sr/Ca,https://www.ncdc.noaa.gov/paleo/study/34393,CoralHydro2k v1.0.1,nan,Sr/Ca,Porites lutea,mmol/mol,SrCa,CE
ch2k_OS14RIP01_174,Coral,OS14RIP01,N/A,-2.0,7.2708001136779785,134.38369750976562,"Rock Islands, Palau",N/A,N/A,temperature+moisture,temperature+moisture - manually assigned by DoD2k authors for paleoData_proxy = d18O,https://www.ncdc.noaa.gov/paleo/study/16339,CoralHydro2k v1.0.1,"Multiple linear regression analyses using monthly (non-detrended) anomalies for coral and instrumental SST and SSS data for the period 1970 to 2008. For RI core, regression equation is: d18O_anom = 0.03 (0.03)*SST + 0.36 (0.05)*SSS.nn                                        n                                n                        n                n",d18O,Porites lutea,permil,d18O,CE
ch2k_DE14DTO02_176,Coral,DE14DTO02,N/A,-4.0,24.617000579833984,-82.86699676513672,"Dry Tortugas, Florida, USA",N/A,N/A,temperature,temperature - manually assigned by DoD2k authors for paleoData_proxy = Sr/Ca,https://www.ncdc.noaa.gov/paleo/study/16217,CoralHydro2k v1.0.1,nan,Sr/Ca,Siderastrea siderea,mmol/mol,SrCa,CE
ch2k_LI04FIJ01_178,Coral,LI04FIJ01,N/A,-10.0,-16.81999969482422,179.22999572753906,"Vanua Levu, Fiji",N/A,N/A,temperature+moisture,temperature+moisture - manually assigned by DoD2k authors for paleoData_proxy = d18O,https://www.ncdc.noaa.gov/paleo/study/1003972,CoralHydro2k v1.0.1,nan,d18O,Porites lutea,permil,d18O,CE
ch2k_LI04FIJ01_180,Coral,LI04FIJ01,N/A,-10.0,-16.81999969482422,179.22999572753906,"Vanua Levu, Fiji",N/A,N/A,temperature,temperature - manually assigned by DoD2k authors for paleoData_proxy = Sr/Ca,https://www.ncdc.noaa.gov/paleo/study/1003972,CoralHydro2k v1.0.1,nan,Sr/Ca,Porites lutea,mmol/mol,SrCa,CE
ch2k_EV18ROC01_184,Coral,EV18ROC01,"{0: {'duplicate ID': 'ch2k_EV18ROC01_186', 'duplicate database': 'CoralHydro2k v1.0.1', 'duplicate decision': 'REMOVE', 'decision type': 'AUTO: IDENTICAL', 'operator': 'N/A', 'note': 'N/A'}}",-2.0,-3.859999895095825,-33.77000045776367,"Rocas Atoll, Rio Grande do Norte, Brazil",N/A,N/A,temperature,temperature - manually assigned by DoD2k authors for paleoData_proxy = Sr/Ca,https://www.ncdc.noaa.gov/paleo/study/34373,CoralHydro2k v1.0.1,nan,Sr/Ca,Siderastrea stellata,mmol/mol,SrCa,CE
ch2k_CA13SAP01_188,Coral,CA13SAP01,N/A,-11.800000190734863,16.128999710083008,-88.25,"Sapodilla Cayes, Belize",N/A,N/A,temperature+moisture,temperature+moisture - manually assigned by DoD2k authors for paleoData_proxy = d18O,https://www.ncdc.noaa.gov/paleo/study/17378,CoralHydro2k v1.0.1,nan,d18O,Orbicella faveolata,permil,d18O,CE
ch2k_TU01LAI01_192,Coral,TU01LAI01,N/A,-3.0,-4.150000095367432,144.88299560546875,"Laing Island, Papua New Guinea",N/A,N/A,temperature+moisture,temperature+moisture - manually assigned by DoD2k authors for paleoData_proxy = d18O,https://www.ncdc.noaa.gov/paleo/study/1866,CoralHydro2k v1.0.1,monthly correlations not reported,d18O,Porites sp.,permil,d18O,CE
ch2k_HE13MIS01_194,Coral,HE13MIS01,N/A,nan,-10.6899995803833,152.80999755859375,"Misima Island, Papua New Guinea",N/A,N/A,temperature+moisture,temperature+moisture - manually assigned by DoD2k authors for paleoData_proxy = d18O,https://www.ncdc.noaa.gov/paleo/study/15794,CoralHydro2k v1.0.1,Composite of two fossil cores. Data was sub-monthly and was linearly resampled to monthly.,d18O,Porites sp.,permil,d18O,CE
ch2k_HE13MIS01_196,Coral,HE13MIS01,N/A,nan,-10.6899995803833,152.80999755859375,"Misima Island, Papua New Guinea",N/A,N/A,temperature,temperature - manually assigned by DoD2k authors for paleoData_proxy = Sr/Ca,https://www.ncdc.noaa.gov/paleo/study/15794,CoralHydro2k v1.0.1,Composite of two fossil cores. Data was sub-monthly and was linearly resampled to monthly.,Sr/Ca,Porites sp.,mmol/mol,SrCa,CE
ch2k_ZI15IMP02_200,Coral,ZI15IMP02,"{0: {'duplicate ID': 'ch2k_ZI15IMP02_202', 'duplicate database': 'CoralHydro2k v1.0.1', 'duplicate decision': 'REMOVE', 'decision type': 'AUTO: IDENTICAL', 'operator': 'N/A', 'note': 'N/A'}}",-8.0,-17.51959991455078,118.96900177001953,"Rowley Shoals, Australia",N/A,N/A,temperature,temperature - manually assigned by DoD2k authors for paleoData_proxy = Sr/Ca,https://www.ncdc.noaa.gov/paleo/study/19239,CoralHydro2k v1.0.1,"Sr/Ca-SST recconstructed with composite plus scale method to ERSSTv3b, no regression applied",Sr/Ca,Porites sp.,mmol/mol,SrCa,CE
ch2k_PF04PBA01_204,Coral,PF04PBA01,N/A,-1.7999999523162842,-5.429999828338623,71.7699966430664,"Peros Banhos Atoll, Chagos Archipelago",N/A,N/A,temperature+moisture,temperature+moisture - manually assigned by DoD2k authors for paleoData_proxy = d18O,https://www.ncdc.noaa.gov/paleo/study/1891,CoralHydro2k v1.0.1,d18O driven by rainfall; little SST correlation,d18O,Porites lobata,permil,d18O,CE
ch2k_SA20FAN02_206,Coral,SA20FAN02,N/A,nan,3.8499999046325684,-159.35000610351562,"Tabuaeran (Fanning Island), Republic of Kiribati",N/A,N/A,temperature+moisture,temperature+moisture - manually assigned by DoD2k authors for paleoData_proxy = d18O,https://www.ncdc.noaa.gov/paleo/study/30493,CoralHydro2k v1.0.1,Publication notes that core F4 has higher variance than contemporary cores and instrumental SST products and that this is likely due to lagoonal mixing.,d18O,Porites sp.,permil,d18O,CE
ch2k_WE09ARR01_208,Coral,WE09ARR01,N/A,nan,-16.719999313354492,146.02999877929688,"Arlington Reef, Australia",N/A,N/A,temperature+moisture,temperature+moisture - manually assigned by DoD2k authors for paleoData_proxy = d18O,https://www.ncdc.noaa.gov/paleo/study/10425,CoralHydro2k v1.0.1,coral was primariliy analysed for Boron and paper does not discuss much about Sr/Ca and d18O even though they were analysed,d18O,Porites sp.,permil,d18O,CE
ch2k_WE09ARR01_210,Coral,WE09ARR01,N/A,nan,-16.719999313354492,146.02999877929688,"Arlington Reef, Australia",N/A,N/A,temperature,temperature - manually assigned by DoD2k authors for paleoData_proxy = Sr/Ca,https://www.ncdc.noaa.gov/paleo/study/10425,CoralHydro2k v1.0.1,coral was primariliy analysed for Boron and paper does not discuss much about Sr/Ca and d18O even though they were analysed,Sr/Ca,Porites sp.,mmol/mol,SrCa,CE
ch2k_CO03PAL05_212,Coral,CO03PAL05,N/A,nan,5.869999885559082,-162.1300048828125,"Palmyra Island, United States Minor Outlying Islands",N/A,N/A,temperature+moisture,temperature+moisture - manually assigned by DoD2k authors for paleoData_proxy = d18O,https://www.ncdc.noaa.gov/paleo/study/1875,CoralHydro2k v1.0.1,nan,d18O,Porites lutea,permil,d18O,CE
ch2k_XU15BVI01_214,Coral,XU15BVI01,N/A,nan,18.719999313354492,-64.31670379638672,"Anegada, British Virgin Islands",N/A,N/A,temperature,temperature - manually assigned by DoD2k authors for paleoData_proxy = Sr/Ca,https://www.ncdc.noaa.gov/paleo/study/21011,CoralHydro2k v1.0.1,nan,Sr/Ca,Pseudodiploria strigosa,mmol/mol,SrCa,CE
ch2k_HE18COC02_216,Coral,HE18COC02,N/A,-4.900000095367432,-12.095000267028809,96.88050079345703,"Cocos (Keeling) Islands, Australia",N/A,N/A,temperature+moisture,temperature+moisture - manually assigned by DoD2k authors for paleoData_proxy = d18O,https://www.ncdc.noaa.gov/paleo/study/23390,CoralHydro2k v1.0.1,Sr/Ca regression slope error is estimated to be (+/-) 0.21 degrees C; Used the Zinke (2015) method - normalised and scaled to the s.d. SST box of the period 1961-1990; equation based on composite of 2 cores,d18O,Porites sp.,permil,d18O,CE
ch2k_HE18COC02_218,Coral,HE18COC02,N/A,-4.900000095367432,-12.095000267028809,96.88050079345703,"Cocos (Keeling) Islands, Australia",N/A,N/A,temperature,temperature - manually assigned by DoD2k authors for paleoData_proxy = Sr/Ca,https://www.ncdc.noaa.gov/paleo/study/23390,CoralHydro2k v1.0.1,Sr/Ca regression slope error is estimated to be (+/-) 0.21 degrees C; Used the Zinke (2015) method - normalised and scaled to the s.d. SST box of the period 1961-1990; equation based on composite of 2 cores,Sr/Ca,Porites sp.,mmol/mol,SrCa,CE
ch2k_MU18NPI01_222,Coral,MU18NPI01,N/A,-5.0,-8.670000076293945,115.51000213623047,"Nusa Penida, Indonesia",N/A,N/A,temperature+moisture,temperature+moisture - manually assigned by DoD2k authors for paleoData_proxy = d18O,https://www.ncdc.noaa.gov/paleo/study/25290,CoralHydro2k v1.0.1,NP1 and NP2 cores spliced together to get full NP record due to bioerosion in the NP1 core. Sr/Ca-SST calibrations not published because of weak relationship for both GS and NP cores.,d18O,Porites sp.,permil,d18O,CE
ch2k_MO06PED01_226,Coral,MO06PED01,N/A,-5.0,16.760000228881836,-22.889999389648438,"Pedra de Lume, Sal Island",N/A,N/A,temperature+moisture,temperature+moisture - manually assigned by DoD2k authors for paleoData_proxy = d18O,https://www.ncdc.noaa.gov/paleo/study/6184,CoralHydro2k v1.0.1,nan,d18O,Siderastrea radians,permil,d18O,CE
ch2k_KR20SAR01_228,Coral,KR20SAR01,N/A,-8.5,4.292200088500977,113.82589721679688,"Sarawak, Malaysia",N/A,N/A,temperature+moisture,temperature+moisture - manually assigned by DoD2k authors for paleoData_proxy = d18O,https://www.ncdc.noaa.gov/paleo/study/29312,CoralHydro2k v1.0.1,nan,d18O,Porites sp.,permil,d18O,CE
ch2k_KR20SAR01_230,Coral,KR20SAR01,N/A,-8.5,4.292200088500977,113.82589721679688,"Sarawak, Malaysia",N/A,N/A,temperature,temperature - manually assigned by DoD2k authors for paleoData_proxy = Sr/Ca,https://www.ncdc.noaa.gov/paleo/study/29312,CoralHydro2k v1.0.1,nan,Sr/Ca,Porites sp.,mmol/mol,SrCa,CE
ch2k_SA18GBR01_234,Coral,SA18GBR01,N/A,-4.5,-23.149999618530273,150.97000122070312,"Great Keppel Island, Australia",N/A,N/A,temperature,temperature - manually assigned by DoD2k authors for paleoData_proxy = Sr/Ca,https://www.ncdc.noaa.gov/paleo/study/22252,CoralHydro2k v1.0.1,Study focuses on Ba/Ca and Y/Ca. Sr/Ca is primarily used for chronology,Sr/Ca,Porites sp.,mmol/mol,SrCa,CE
ch2k_OS14UCP01_236,Coral,OS14UCP01,N/A,-12.0,7.285900115966797,134.25030517578125,"Ulong Channel, Palau",N/A,N/A,temperature+moisture,temperature+moisture - manually assigned by DoD2k authors for paleoData_proxy = d18O,https://www.ncdc.noaa.gov/paleo/study/16339,CoralHydro2k v1.0.1,"Multiple linear regression analyses using monthly (not detrended) anomalies for coral and instrumental SST and SSS data for the period 1970 to 2008. For UC core, regression equation is: d18O_anom = 0.09 (0.03)*SST + 0.33 (0.05)*SSS",d18O,Porites lutea,permil,d18O,CE
ch2k_AB20MEN08_238,Coral,AB20MEN08,N/A,nan,-3.1261000633239746,100.30979919433594,"Mentawai Islands, Indonesia",N/A,N/A,temperature+moisture,temperature+moisture - manually assigned by DoD2k authors for paleoData_proxy = d18O,https://www.ncdc.noaa.gov/paleo/study/28451,CoralHydro2k v1.0.1,Fossil Coral,d18O,Porites sp.,permil,d18O,CE
ch2k_HE13MIS02_240,Coral,HE13MIS02,N/A,nan,-10.6899995803833,152.80999755859375,"Misima Island, Papua New Guinea",N/A,N/A,temperature+moisture,temperature+moisture - manually assigned by DoD2k authors for paleoData_proxy = d18O,https://www.ncdc.noaa.gov/paleo/study/15794,CoralHydro2k v1.0.1,Raw data was sub-monthly and was linearly resampled to monthly.,d18O,Porites sp.,permil,d18O,CE
ch2k_HE13MIS02_242,Coral,HE13MIS02,N/A,nan,-10.6899995803833,152.80999755859375,"Misima Island, Papua New Guinea",N/A,N/A,temperature,temperature - manually assigned by DoD2k authors for paleoData_proxy = Sr/Ca,https://www.ncdc.noaa.gov/paleo/study/15794,CoralHydro2k v1.0.1,Raw data was sub-monthly and was linearly resampled to monthly.,Sr/Ca,Porites sp.,mmol/mol,SrCa,CE
ch2k_HE10GUA01_244,Coral,HE10GUA01,N/A,-1.7000000476837158,16.200000762939453,-61.4900016784668,"Isle de Gosier, Guadeloupe",N/A,N/A,temperature+moisture,temperature+moisture - manually assigned by DoD2k authors for paleoData_proxy = d18O,https://www.ncdc.noaa.gov/paleo/study/12893,CoralHydro2k v1.0.1,This calibration data is taken from the top 40 years of the core from Hetzinger et al 2006,d18O,Pseudodiploria strigosa,permil,d18O,CE
ch2k_HE10GUA01_246,Coral,HE10GUA01,N/A,-1.7000000476837158,16.200000762939453,-61.4900016784668,"Isle de Gosier, Guadeloupe",N/A,N/A,temperature,temperature - manually assigned by DoD2k authors for paleoData_proxy = Sr/Ca,https://www.ncdc.noaa.gov/paleo/study/12893,CoralHydro2k v1.0.1,This calibration data is taken from the top 40 years of the core from Hetzinger et al 2006,Sr/Ca,Pseudodiploria strigosa,mmol/mol,SrCa,CE
ch2k_HE10GUA01_248,Coral,HE10GUA01,N/A,-1.7000000476837158,16.200000762939453,-61.4900016784668,"Isle de Gosier, Guadeloupe",N/A,N/A,temperature,temperature - manually assigned by DoD2k authors for paleoData_proxy = Sr/Ca,https://www.ncdc.noaa.gov/paleo/study/12893,CoralHydro2k v1.0.1,This calibration data is taken from the top 40 years of the core from Hetzinger et al 2006,Sr/Ca,Pseudodiploria strigosa,mmol/mol,SrCa_annual,CE
ch2k_HE10GUA01_250,Coral,HE10GUA01,N/A,-1.7000000476837158,16.200000762939453,-61.4900016784668,"Isle de Gosier, Guadeloupe",N/A,N/A,temperature+moisture,temperature+moisture - manually assigned by DoD2k authors for paleoData_proxy = d18O,https://www.ncdc.noaa.gov/paleo/study/12893,CoralHydro2k v1.0.1,This calibration data is taken from the top 40 years of the core from Hetzinger et al 2006,d18O,Pseudodiploria strigosa,permil,d18O_annual,CE
ch2k_DE12ANC01_258,Coral,DE12ANC01,N/A,-3.0,-22.479999542236328,166.4600067138672,"Amedee Island, New Caledonia",N/A,N/A,temperature,temperature - manually assigned by DoD2k authors for paleoData_proxy = Sr/Ca,https://www.ncdc.noaa.gov/paleo/study/13035,CoralHydro2k v1.0.1,Sr/Ca are average values of three colonies and replicate paths,Sr/Ca,Porites lutea,mmol/mol,SrCa,CE
ch2k_WA17BAN01_260,Coral,WA17BAN01,N/A,-2.0,23.5,58.75,"Bandar Khayran, Oman",N/A,N/A,temperature+moisture,temperature+moisture - manually assigned by DoD2k authors for paleoData_proxy = d18O,https://www.ncdc.noaa.gov/paleo/study/34512,CoralHydro2k v1.0.1,nan,d18O,Porites sp.,permil,d18O,CE
ch2k_WA17BAN01_262,Coral,WA17BAN01,N/A,-2.0,23.5,58.75,"Bandar Khayran, Oman",N/A,N/A,temperature,temperature - manually assigned by DoD2k authors for paleoData_proxy = Sr/Ca,https://www.ncdc.noaa.gov/paleo/study/34512,CoralHydro2k v1.0.1,nan,Sr/Ca,Porites sp.,mmol/mol,SrCa,CE
ch2k_DR99ABR01_264,Coral,DR99ABR01,"{0: {'duplicate ID': 'ch2k_DR99ABR01_266', 'duplicate database': 'CoralHydro2k v1.0.1', 'duplicate decision': 'REMOVE', 'decision type': 'AUTO: IDENTICAL', 'operator': 'N/A', 'note': 'N/A'}}",-10.0,-22.100000381469727,153.0,"Abraham Reef, Australia",N/A,N/A,temperature+moisture,temperature+moisture - manually assigned by DoD2k authors for paleoData_proxy = d18O,https://www.ncdc.noaa.gov/paleo/study/1911,CoralHydro2k v1.0.1,"This is a refinement of the record available previously (Druffel and Griffin, JGR 1993) which showed biennial d18O for the period 1635-1957.",d18O,Porites australiensis,permil,d18O,CE
ch2k_LI06RAR02_270,Coral,LI06RAR02,N/A,-10.0,-21.23780059814453,-159.8278045654297,"Rarotonga, Cook Islands",N/A,N/A,temperature+moisture,temperature+moisture - manually assigned by DoD2k authors for paleoData_proxy = d18O,https://www.ncdc.noaa.gov/paleo/study/6089,CoralHydro2k v1.0.1,Individual coral records that are part of the Rarotonga composite,d18O,Porites lutea,permil,d18O,CE
ch2k_MU18RED03_272,Coral,MU18RED03,N/A,-5.0,23.700000762939453,37.970001220703125,"Abu Galawa, Red Sea",N/A,N/A,temperature,temperature - manually assigned by DoD2k authors for paleoData_proxy = Sr/Ca,https://www.ncdc.noaa.gov/paleo/study/34393,CoralHydro2k v1.0.1,Mean SST ranges given in paper for northern reef 7.7C; for southern reefs 5.8C,Sr/Ca,Porites lutea,mmol/mol,SrCa,CE
ch2k_SW99LIG01_274,Coral,SW99LIG01,N/A,-2.0,25.229999542236328,-80.41670227050781,"Lignumvitae Basin, Florida, USA",N/A,N/A,temperature+moisture,temperature+moisture - manually assigned by DoD2k authors for paleoData_proxy = d18O,https://www.ncdc.noaa.gov/paleo/study/1914,CoralHydro2k v1.0.1,nan,d18O,Solenastrea bournoni,permil,d18O,CE
ch2k_SA16CLA01_276,Coral,SA16CLA01,N/A,-8.0,18.399999618530273,-114.69999694824219,"Clarion Island, Mexico",N/A,N/A,temperature+moisture,temperature+moisture - manually assigned by DoD2k authors for paleoData_proxy = d18O,https://www.ncdc.noaa.gov/paleo/study/21310,CoralHydro2k v1.0.1,nan,d18O,Porites sp.,permil,d18O,CE
ch2k_ZI15TAN01_278,Coral,ZI15TAN01,"{0: {'duplicate ID': 'ch2k_ZI15TAN01_280', 'duplicate database': 'CoralHydro2k v1.0.1', 'duplicate decision': 'REMOVE', 'decision type': 'AUTO: IDENTICAL', 'operator': 'N/A', 'note': 'N/A'}}",-2.5,-21.89299964904785,113.96299743652344,"Ningaloo Reef, Australia",N/A,N/A,temperature,temperature - manually assigned by DoD2k authors for paleoData_proxy = Sr/Ca,https://www.ncdc.noaa.gov/paleo/study/19239,CoralHydro2k v1.0.1,"Sr/Ca-SST recconstructed with composite plus scale method to ERSSTv3b, no regression applied",Sr/Ca,Porites sp.,mmol/mol,SrCa,CE
ch2k_RE19GBR03_282,Coral,RE19GBR03,N/A,-2.5,-13.329999923706055,143.9499969482422,"Reef 13-050, Australia",N/A,N/A,temperature+moisture,temperature+moisture - manually assigned by DoD2k authors for paleoData_proxy = d18O,https://www.ncdc.noaa.gov/paleo/study/33732,CoralHydro2k v1.0.1,nan,d18O,Porites sp.,permil,d18O,CE
ch2k_RE19GBR03_284,Coral,RE19GBR03,N/A,-2.5,-13.329999923706055,143.9499969482422,"Reef 13-050, Australia",N/A,N/A,temperature,temperature - manually assigned by DoD2k authors for paleoData_proxy = Sr/Ca,https://www.ncdc.noaa.gov/paleo/study/33732,CoralHydro2k v1.0.1,nan,Sr/Ca,Porites sp.,mmol/mol,SrCa,CE
ch2k_DR00KSB01_286,Coral,DR00KSB01,N/A,-25.0,32.46699905395508,-64.56800079345703,"Kitchen Shoals, Bermuda",N/A,N/A,temperature+moisture,temperature+moisture - manually assigned by DoD2k authors for paleoData_proxy = d18O,https://doi.pangaea.de/10.1594/PANGAEA.88200,CoralHydro2k v1.0.1,"regressions in paper use air temps instead of SST, relevant growth information about coral found in PhD thesis (http://nbn-resolving.de/urn:nbn:de:gbv:46-ep000102521)",d18O,Diploria labyrinthiformis,permil,d18O,CE
ch2k_BO14HTI02_288,Coral,BO14HTI02,N/A,-2.5,12.210000038146973,109.30999755859375,"Hon Tre Island, Vietnam",N/A,N/A,temperature+moisture,temperature+moisture - manually assigned by DoD2k authors for paleoData_proxy = d18O,https://www.ncdc.noaa.gov/paleo/study/17035,CoralHydro2k v1.0.1,A composite of cores TN (CoralHydro2k ID BO14HTI01) and BB was used from 2010-1977 for the published reconstructions in Bolton et al. 2014 and Goodkin et al. 2021.,d18O,Porites lutea,permil,d18O,CE
ch2k_BO14HTI02_290,Coral,BO14HTI02,N/A,-2.5,12.210000038146973,109.30999755859375,"Hon Tre Island, Vietnam",N/A,N/A,temperature,temperature - manually assigned by DoD2k authors for paleoData_proxy = Sr/Ca,https://www.ncdc.noaa.gov/paleo/study/17035,CoralHydro2k v1.0.1,A composite of cores TN (CoralHydro2k ID BO14HTI01) and BB was used from 2010-1977 for the published reconstructions in Bolton et al. 2014 and Goodkin et al. 2021.,Sr/Ca,Porites lutea,mmol/mol,SrCa,CE
ch2k_MU17DOA01_292,Coral,MU17DOA01,N/A,-5.0,-5.381999969482422,117.91400146484375,"Doangdoangan Besar, Indonesia",N/A,N/A,temperature+moisture,temperature+moisture - manually assigned by DoD2k authors for paleoData_proxy = d18O,https://www.ncdc.noaa.gov/paleo/study/24630,CoralHydro2k v1.0.1,"Calibrations to SST data were performed on a shorter, higher-resolution set of samples. See Murty et al. 2017 for more information.",d18O,Porites sp.,permil,d18O,CE
ch2k_TA18TAS01_294,Coral,TA18TAS01,N/A,-16.5,-14.270000457763672,-169.5,"Ta'u, American Samoa",N/A,N/A,temperature+moisture,temperature+moisture - manually assigned by DoD2k authors for paleoData_proxy = d18O,https://www.ncdc.noaa.gov/paleo/study/25270,CoralHydro2k v1.0.1,"The calibration equation incorporated both SST and salinity, so the d18O-SST slope is not included here to avoid misrepresentation.",d18O,Porites sp.,permil,d18O,CE
ch2k_XU15BVI03_296,Coral,XU15BVI03,N/A,nan,18.719999313354492,-64.31670379638672,"Anegada, British Virgin Islands",N/A,N/A,temperature,temperature - manually assigned by DoD2k authors for paleoData_proxy = Sr/Ca,https://www.ncdc.noaa.gov/paleo/study/21011,CoralHydro2k v1.0.1,nan,Sr/Ca,Pseudodiploria strigosa,mmol/mol,SrCa,CE
ch2k_AS05GUA01_302,Coral,AS05GUA01,N/A,-7.800000190734863,13.597999572753906,144.83599853515625,"Double Reef, Guam",N/A,N/A,temperature+moisture,temperature+moisture - manually assigned by DoD2k authors for paleoData_proxy = d18O,https://www.ncdc.noaa.gov/paleo/study/1915,CoralHydro2k v1.0.1,nan,d18O,Porites lobata,permil,d18O,CE
ch2k_FE09OGA01_304,Coral,FE09OGA01,N/A,-3.9000000953674316,27.105899810791016,142.19410705566406,"Ogasawara Islands, Japan",N/A,N/A,temperature+moisture,temperature+moisture - manually assigned by DoD2k authors for paleoData_proxy = d18O,https://doi.pangaea.de/10.1594/PANGAEA.743953,CoralHydro2k v1.0.1,"Annual regression slopes (-0.213 / C, -0.140 mmol/mol / C) imply an apparent amplification of inferred SST variations on interannual and longer timescales.",d18O,Porites sp.,permil,d18O,CE
ch2k_FE09OGA01_306,Coral,FE09OGA01,N/A,-3.9000000953674316,27.105899810791016,142.19410705566406,"Ogasawara Islands, Japan",N/A,N/A,temperature,temperature - manually assigned by DoD2k authors for paleoData_proxy = Sr/Ca,https://doi.pangaea.de/10.1594/PANGAEA.743953,CoralHydro2k v1.0.1,"Annual regression slopes (-0.213 / C, -0.140 mmol/mol / C) imply an apparent amplification of inferred SST variations on interannual and longer timescales.",Sr/Ca,Porites sp.,mmol/mol,SrCa,CE
ch2k_FE09OGA01_308,Coral,FE09OGA01,N/A,-3.9000000953674316,27.105899810791016,142.19410705566406,"Ogasawara Islands, Japan",N/A,N/A,temperature,temperature - manually assigned by DoD2k authors for paleoData_proxy = Sr/Ca,https://doi.pangaea.de/10.1594/PANGAEA.743953,CoralHydro2k v1.0.1,"Annual regression slopes (-0.213 / C, -0.140 mmol/mol / C) imply an apparent amplification of inferred SST variations on interannual and longer timescales.",Sr/Ca,Porites sp.,mmol/mol,SrCa_annual,CE
ch2k_FE09OGA01_310,Coral,FE09OGA01,N/A,-3.9000000953674316,27.105899810791016,142.19410705566406,"Ogasawara Islands, Japan",N/A,N/A,temperature+moisture,temperature+moisture - manually assigned by DoD2k authors for paleoData_proxy = d18O,https://doi.pangaea.de/10.1594/PANGAEA.743953,CoralHydro2k v1.0.1,"Annual regression slopes (-0.213 / C, -0.140 mmol/mol / C) imply an apparent amplification of inferred SST variations on interannual and longer timescales.",d18O,Porites sp.,permil,d18O_annual,CE
ch2k_GU99NAU01_314,Coral,GU99NAU01,N/A,-14.0,-0.5400000214576721,166.97000122070312,"Nauru Island, Republic of Nauru",N/A,N/A,temperature+moisture,temperature+moisture - manually assigned by DoD2k authors for paleoData_proxy = d18O,https://www.ncdc.noaa.gov/paleo/study/1842,CoralHydro2k v1.0.1,Oxygen isotope data has NOT been corrected for the acid fractionation difference (acid-alpha) between standards (calcite) and coral samples (aragonite). Prior to 1895/1896 the data exhibits a kinetic overprint.,d18O,Porites australiensis,permil,d18O,CE
ch2k_SA20FAN01_316,Coral,SA20FAN01,N/A,nan,3.8499999046325684,-159.35000610351562,"Tabuaeran (Fanning Island), Republic of Kiribati",N/A,N/A,temperature+moisture,temperature+moisture - manually assigned by DoD2k authors for paleoData_proxy = d18O,https://www.ncdc.noaa.gov/paleo/study/30493,CoralHydro2k v1.0.1,nan,d18O,Porites sp.,permil,d18O,CE
ch2k_AL16PUR02_320,Coral,AL16PUR02,N/A,-7.0,17.93000030517578,-67.01000213623047,"Pinacles Reef, Puerto Rico",N/A,N/A,temperature,temperature - manually assigned by DoD2k authors for paleoData_proxy = Sr/Ca,https://www.ncdc.noaa.gov/paleo/study/22056,CoralHydro2k v1.0.1,Study focuses on use of Sr/U rather than Sr/Ca,Sr/Ca,Orbicella faveolata,mmol/mol,SrCa,CE
ch2k_CO03PAL10_324,Coral,CO03PAL10,N/A,nan,5.869999885559082,-162.1300048828125,"Palmyra Island, United States Minor Outlying Islands",N/A,N/A,temperature+moisture,temperature+moisture - manually assigned by DoD2k authors for paleoData_proxy = d18O,https://www.ncdc.noaa.gov/paleo/study/1875,CoralHydro2k v1.0.1,nan,d18O,Porites lutea,permil,d18O,CE
ch2k_RE19GBR05_326,Coral,RE19GBR05,N/A,-3.5,-11.970000267028809,143.27999877929688,"Clerke Reef, Australia",N/A,N/A,temperature,temperature - manually assigned by DoD2k authors for paleoData_proxy = Sr/Ca,https://www.ncdc.noaa.gov/paleo/study/33732,CoralHydro2k v1.0.1,nan,Sr/Ca,Porites sp.,mmol/mol,SrCa,CE
ch2k_ZI15IMP01_328,Coral,ZI15IMP01,"{0: {'duplicate ID': 'ch2k_ZI15IMP01_330', 'duplicate database': 'CoralHydro2k v1.0.1', 'duplicate decision': 'REMOVE', 'decision type': 'AUTO: IDENTICAL', 'operator': 'N/A', 'note': 'N/A'}}",-14.0,-17.53689956665039,118.9739990234375,"Rowley Shoals, Australia",N/A,N/A,temperature,temperature - manually assigned by DoD2k authors for paleoData_proxy = Sr/Ca,https://www.ncdc.noaa.gov/paleo/study/19239,CoralHydro2k v1.0.1,"Sr/Ca-SST recconstructed with composite plus scale method to ERSSTv3b, no regression applied",Sr/Ca,Porites sp.,mmol/mol,SrCa,CE
ch2k_KR20SAR02_332,Coral,KR20SAR02,N/A,-5.0,4.343299865722656,113.89830017089844,"Sarawak, Malaysia",N/A,N/A,temperature+moisture,temperature+moisture - manually assigned by DoD2k authors for paleoData_proxy = d18O,https://www.ncdc.noaa.gov/paleo/study/29312,CoralHydro2k v1.0.1,nan,d18O,Porites sp.,permil,d18O,CE
ch2k_KR20SAR02_334,Coral,KR20SAR02,N/A,-5.0,4.343299865722656,113.89830017089844,"Sarawak, Malaysia",N/A,N/A,temperature,temperature - manually assigned by DoD2k authors for paleoData_proxy = Sr/Ca,https://www.ncdc.noaa.gov/paleo/study/29312,CoralHydro2k v1.0.1,nan,Sr/Ca,Porites sp.,mmol/mol,SrCa,CE
ch2k_RO19YUC01_338,Coral,RO19YUC01,"{0: {'duplicate ID': 'ch2k_RO19YUC01_340', 'duplicate database': 'CoralHydro2k v1.0.1', 'duplicate decision': 'REMOVE', 'decision type': 'AUTO: IDENTICAL', 'operator': 'N/A', 'note': 'N/A'}}",-4.0,20.83209991455078,-86.87889862060547,"Puerto Morelos, Mexico",N/A,N/A,temperature,temperature - manually assigned by DoD2k authors for paleoData_proxy = Sr/Ca,https://www.ncdc.noaa.gov/paleo/study/27450,CoralHydro2k v1.0.1,focused more on Sr/U calibrations,Sr/Ca,Siderastrea siderea,mmol/mol,SrCa,CE
ch2k_ST13MAL01_344,Coral,ST13MAL01,N/A,-1.0,4.289999961853027,72.9800033569336,"Rasdhoo Atoll, Maldives",N/A,N/A,temperature+moisture,temperature+moisture - manually assigned by DoD2k authors for paleoData_proxy = d18O,https://www.ncdc.noaa.gov/paleo/study/34472,CoralHydro2k v1.0.1,nan,d18O,Porites lutea,permil,d18O,CE
ch2k_ST13MAL01_346,Coral,ST13MAL01,N/A,-1.0,4.289999961853027,72.9800033569336,"Rasdhoo Atoll, Maldives",N/A,N/A,temperature,temperature - manually assigned by DoD2k authors for paleoData_proxy = Sr/Ca,https://www.ncdc.noaa.gov/paleo/study/34472,CoralHydro2k v1.0.1,nan,Sr/Ca,Porites lutea,mmol/mol,SrCa,CE
ch2k_DR00NBB01_348,Coral,DR00NBB01,N/A,-25.0,32.5,-64.69999694824219,"Northeast Breakers, Bermuda",N/A,N/A,temperature+moisture,temperature+moisture - manually assigned by DoD2k authors for paleoData_proxy = d18O,https://doi.pangaea.de/10.1594/PANGAEA.88199,CoralHydro2k v1.0.1,"regressions in paper use air temps instead of SST, relevant growth information about coral found in PhD thesis (http://nbn-resolving.de/urn:nbn:de:gbv:46-ep000102521)",d18O,Diploria labyrinthiformis,permil,d18O,CE
ch2k_PF19LAR01_350,Coral,PF19LAR01,N/A,-12.300000190734863,-21.0,55.0,"St. Gilles Reef, La Reunion",N/A,N/A,temperature+moisture,temperature+moisture - manually assigned by DoD2k authors for paleoData_proxy = d18O,https://www.ncdc.noaa.gov/paleo/study/28130,CoralHydro2k v1.0.1,See Pfeiffer et al. 2004 for more monthly/bimonthly d18O calibrations and Pfeiffer et al. 2019 for annual d18O and Sr/Ca calibrations.,d18O,Porites sp.,permil,d18O,CE
ch2k_PF19LAR01_352,Coral,PF19LAR01,N/A,-12.300000190734863,-21.0,55.0,"St. Gilles Reef, La Reunion",N/A,N/A,temperature,temperature - manually assigned by DoD2k authors for paleoData_proxy = Sr/Ca,https://www.ncdc.noaa.gov/paleo/study/28130,CoralHydro2k v1.0.1,See Pfeiffer et al. 2004 for more monthly/bimonthly d18O calibrations and Pfeiffer et al. 2019 for annual d18O and Sr/Ca calibrations.,Sr/Ca,Porites sp.,mmol/mol,SrCa,CE
ch2k_AL16YUC01_354,Coral,AL16YUC01,N/A,-3.0,20.83209991455078,-86.87889862060547,"Puerto Morelos, Mexico",N/A,N/A,temperature,temperature - manually assigned by DoD2k authors for paleoData_proxy = Sr/Ca,https://www.ncdc.noaa.gov/paleo/study/22056,CoralHydro2k v1.0.1,Study focuses on use of Sr/U rather than Sr/Ca,Sr/Ca,Siderastrea siderea,mmol/mol,SrCa,CE
ch2k_CO03PAL09_358,Coral,CO03PAL09,N/A,nan,5.869999885559082,-162.1300048828125,"Palmyra Island, United States Minor Outlying Islands",N/A,N/A,temperature+moisture,temperature+moisture - manually assigned by DoD2k authors for paleoData_proxy = d18O,https://www.ncdc.noaa.gov/paleo/study/1875,CoralHydro2k v1.0.1,nan,d18O,Porites lutea,permil,d18O,CE
ch2k_ZI16ROD02_360,Coral,ZI16ROD02,N/A,-3.0,-19.66699981689453,63.433998107910156,"Rodrigues, Republic of Mauritius",N/A,N/A,temperature,temperature - manually assigned by DoD2k authors for paleoData_proxy = Sr/Ca,https://www.ncdc.noaa.gov/paleo/study/22991,CoralHydro2k v1.0.1,nan,Sr/Ca,Porites lobata,mmol/mol,SrCa,CE
ch2k_AB20MEN05_362,Coral,AB20MEN05,N/A,nan,-3.0369999408721924,100.23100280761719,"Mentawai Islands, Indonesia",N/A,N/A,temperature+moisture,temperature+moisture - manually assigned by DoD2k authors for paleoData_proxy = d18O,https://www.ncdc.noaa.gov/paleo/study/28451,CoralHydro2k v1.0.1,Fossil Coral,d18O,Porites sp.,permil,d18O,CE
ch2k_KI04MCV01_366,Coral,KI04MCV01,N/A,-1.5,-15.699999809265137,167.1999969482422,"Espiritu Santo Island, Vanuatu",N/A,N/A,temperature+moisture,temperature+moisture - manually assigned by DoD2k authors for paleoData_proxy = d18O,https://www.ncdc.noaa.gov/paleo/study/1925,CoralHydro2k v1.0.1,regression information based on Kilbourne MS Thesis,d18O,Porites lutea,permil,d18O,CE
ch2k_KI04MCV01_368,Coral,KI04MCV01,N/A,-1.5,-15.699999809265137,167.1999969482422,"Espiritu Santo Island, Vanuatu",N/A,N/A,temperature,temperature - manually assigned by DoD2k authors for paleoData_proxy = Sr/Ca,https://www.ncdc.noaa.gov/paleo/study/1925,CoralHydro2k v1.0.1,regression information based on Kilbourne MS Thesis,Sr/Ca,Porites lutea,mmol/mol,SrCa,CE
ch2k_CH18YOA02_374,Coral,CH18YOA02,N/A,nan,16.447999954223633,111.6050033569336,"Lingyang Reef, Yongle Atoll",N/A,N/A,temperature,temperature - manually assigned by DoD2k authors for paleoData_proxy = Sr/Ca,https://www.ncdc.noaa.gov/paleo/study/34413,CoralHydro2k v1.0.1,Microatoll; coral rubble samples; data reported in Supplements of paper,Sr/Ca,Porites sp.,mmol/mol,SrCa,CE
ch2k_DE16RED01_380,Coral,DE16RED01,N/A,-1.0,22.031400680541992,38.87779998779297,Red Sea,N/A,N/A,temperature,temperature - manually assigned by DoD2k authors for paleoData_proxy = Sr/Ca,https://www.ncdc.noaa.gov/paleo/study/21710,CoralHydro2k v1.0.1,Study focuses on use of Sr/U rather than Sr/Ca; multiple locations Atlantic and Pacific; Sr/Ca uncertainty 1 deg C; Sr-U uncertainty 0.5 deg C; Sr/Ca-SST slope not indicated,Sr/Ca,Porites sp.,mmol/mol,SrCa,CE
ch2k_BA04FIJ02_382,Coral,BA04FIJ02,N/A,-10.0,-16.81999969482422,179.22999572753906,"Savusavu Bay, Vanua Levu, Fiji",N/A,N/A,temperature+moisture,temperature+moisture - manually assigned by DoD2k authors for paleoData_proxy = d18O,https://www.ncdc.noaa.gov/paleo/study/1881,CoralHydro2k v1.0.1,nan,d18O,Diploastrea heliopora,permil,d18O,CE
ch2k_CO03PAL06_386,Coral,CO03PAL06,N/A,nan,5.869999885559082,-162.1300048828125,"Palmyra Island, United States Minor Outlying Islands",N/A,N/A,temperature+moisture,temperature+moisture - manually assigned by DoD2k authors for paleoData_proxy = d18O,https://www.ncdc.noaa.gov/paleo/study/1875,CoralHydro2k v1.0.1,nan,d18O,Porites lutea,permil,d18O,CE
ch2k_CH18YOA01_390,Coral,CH18YOA01,N/A,nan,16.447999954223633,111.6050033569336,"Lingyang Reef, Yongle Atoll",N/A,N/A,temperature,temperature - manually assigned by DoD2k authors for paleoData_proxy = Sr/Ca,https://www.ncdc.noaa.gov/paleo/study/34413,CoralHydro2k v1.0.1,Microatoll; coral rubble samples; data reported in Supplements of paper,Sr/Ca,Porites sp.,mmol/mol,SrCa,CE
ch2k_RE19GBR04_392,Coral,RE19GBR04,N/A,-3.5,-12.09000015258789,143.2899932861328,"Nomad Reef, Australia",N/A,N/A,temperature,temperature - manually assigned by DoD2k authors for paleoData_proxy = Sr/Ca,https://www.ncdc.noaa.gov/paleo/study/33732,CoralHydro2k v1.0.1,nan,Sr/Ca,Porites sp.,mmol/mol,SrCa,CE
ch2k_DO18DAV01_394,Coral,DO18DAV01,N/A,-6.5,-18.799999237060547,147.6300048828125,"Davies Reef, Australia",N/A,N/A,temperature,temperature - manually assigned by DoD2k authors for paleoData_proxy = Sr/Ca,https://www.ncdc.noaa.gov/paleo/study/34392,CoralHydro2k v1.0.1,Study uses multiple cores from multiple locations in the Great Barrier Reef; spans 15-18S latitude; multiple Sr/Ca regression equations in the paper. Supplemnet has all data.,Sr/Ca,Porites lutea,mmol/mol,SrCa,CE
ch2k_GO12SBV01_396,Coral,GO12SBV01,N/A,-8.0,-15.9399995803833,166.07000732421875,"Sabine Bank, Vanuatu",N/A,N/A,temperature+moisture,temperature+moisture - manually assigned by DoD2k authors for paleoData_proxy = d18O,https://www.ncdc.noaa.gov/paleo/study/13439,CoralHydro2k v1.0.1,d18O is a composite of cores 06SB-A1 and 07SB-A2,d18O,Porites lutea,permil,d18O,CE
ch2k_GO12SBV01_398,Coral,GO12SBV01,N/A,-8.0,-15.9399995803833,166.07000732421875,"Sabine Bank, Vanuatu",N/A,N/A,temperature,temperature - manually assigned by DoD2k authors for paleoData_proxy = Sr/Ca,https://www.ncdc.noaa.gov/paleo/study/13439,CoralHydro2k v1.0.1,d18O is a composite of cores 06SB-A1 and 07SB-A2,Sr/Ca,Porites lutea,mmol/mol,SrCa,CE
ch2k_CA07FLI01_400,Coral,CA07FLI01,N/A,nan,-17.729999542236328,148.42999267578125,"Flinders Reef, Australia",N/A,N/A,temperature+moisture,temperature+moisture - manually assigned by DoD2k authors for paleoData_proxy = d18O,https://www.ncdc.noaa.gov/paleo/study/6087,CoralHydro2k v1.0.1,nan,d18O,Porites sp.,permil,d18O,CE
ch2k_CA07FLI01_402,Coral,CA07FLI01,N/A,nan,-17.729999542236328,148.42999267578125,"Flinders Reef, Australia",N/A,N/A,temperature,temperature - manually assigned by DoD2k authors for paleoData_proxy = Sr/Ca,https://www.ncdc.noaa.gov/paleo/study/6087,CoralHydro2k v1.0.1,nan,Sr/Ca,Porites sp.,mmol/mol,SrCa,CE
ch2k_SW99LIG02_404,Coral,SW99LIG02,N/A,-2.0,25.0,-80.5999984741211,"Lignumvitae Basin, Florida Bay",N/A,N/A,temperature+moisture,temperature+moisture - manually assigned by DoD2k authors for paleoData_proxy = d18O,https://www.ncdc.noaa.gov/paleo/study/1914,CoralHydro2k v1.0.1,nan,d18O,Solenastrea bournoni,permil,d18O,CE
ch2k_CO93TAR01_408,Coral,CO93TAR01,N/A,-3.0,1.4199999570846558,173.02999877929688,"Tarawa Atoll, Republic of Kiribati",N/A,N/A,temperature+moisture,temperature+moisture - manually assigned by DoD2k authors for paleoData_proxy = d18O,https://www.ncdc.noaa.gov/paleo/study/1845,CoralHydro2k v1.0.1,monthly correlations not reported,d18O,Porites lobata,permil,d18O,CE
ch2k_RO19PAR01_410,Coral,RO19PAR01,N/A,-7.0,17.936800003051758,-67.01840209960938,"Parguera, Puerto Rico",N/A,N/A,temperature,temperature - manually assigned by DoD2k authors for paleoData_proxy = Sr/Ca,https://www.ncdc.noaa.gov/paleo/study/27450,CoralHydro2k v1.0.1,nan,Sr/Ca,Orbicella faveolata,mmol/mol,SrCa,CE
ch2k_CO00MAL01_412,Coral,CO00MAL01,N/A,-6.0,-3.259999990463257,40.13999938964844,"Malindi Marine Park, Kenya",N/A,N/A,temperature+moisture,temperature+moisture - manually assigned by DoD2k authors for paleoData_proxy = d18O,https://www.ncdc.noaa.gov/paleo/study/1855,CoralHydro2k v1.0.1,Extra information supplied that is not included in publication such as higher precision slope value. Noted as exposed to open ocean; seasonally influenced by river discharge,d18O,Porites lutea,permil,d18O,CE
ch2k_MO20WOA01_414,Coral,MO20WOA01,N/A,-2.0,7.400000095367432,144.0,"Wolei Atoll, Fed. States of Micronesia",N/A,N/A,temperature+moisture,temperature+moisture - manually assigned by DoD2k authors for paleoData_proxy = d18O,https://www.ncdc.noaa.gov/paleo/study/31552,CoralHydro2k v1.0.1,uncertainty on Sr/Ca intercept is 0.0018,d18O,Porites sp.,permil,d18O,CE
ch2k_MO20WOA01_416,Coral,MO20WOA01,N/A,-2.0,7.400000095367432,144.0,"Wolei Atoll, Fed. States of Micronesia",N/A,N/A,temperature,temperature - manually assigned by DoD2k authors for paleoData_proxy = Sr/Ca,https://www.ncdc.noaa.gov/paleo/study/31552,CoralHydro2k v1.0.1,uncertainty on Sr/Ca intercept is 0.0018,Sr/Ca,Porites sp.,mmol/mol,SrCa,CE
ch2k_AB20MEN01_420,Coral,AB20MEN01,N/A,-0.699999988079071,-3.180000066757202,100.51699829101562,"Mentawai Islands, Indonesia",N/A,N/A,temperature+moisture,temperature+moisture - manually assigned by DoD2k authors for paleoData_proxy = d18O,https://www.ncdc.noaa.gov/paleo/study/28451,CoralHydro2k v1.0.1,"Note: Length of coral record increased for Abram et al., 2020 publication relative to Abram et al., 2015",d18O,Porites sp.,permil,d18O,CE
ch2k_QU96ESV01_422,Coral,QU96ESV01,N/A,-1.0,-15.0,167.0,"Espiritu Santo Island, Vanuatu",N/A,N/A,temperature+moisture,temperature+moisture - manually assigned by DoD2k authors for paleoData_proxy = d18O,https://www.ncdc.noaa.gov/paleo/study/1839,CoralHydro2k v1.0.1,nan,d18O,Platygyra lamellina,permil,d18O,CE
ch2k_DE13HAI01_424,Coral,DE13HAI01,"{0: {'duplicate ID': 'ch2k_DE13HAI01_432', 'duplicate database': 'CoralHydro2k v1.0.1', 'duplicate decision': 'REMOVE', 'decision type': 'AUTO: IDENTICAL', 'operator': 'N/A', 'note': 'N/A'}}",-4.0,19.290000915527344,110.65599822998047,"Longwan, Qionghai, China",N/A,N/A,temperature+moisture,temperature+moisture - manually assigned by DoD2k authors for paleoData_proxy = d18O,https://www.ncdc.noaa.gov/paleo/study/34412,CoralHydro2k v1.0.1,nan,d18O,Porites lutea,permil,d18O,CE
ch2k_DE13HAI01_426,Coral,DE13HAI01,"{0: {'duplicate ID': 'ch2k_DE13HAI01_430', 'duplicate database': 'CoralHydro2k v1.0.1', 'duplicate decision': 'REMOVE', 'decision type': 'AUTO: IDENTICAL', 'operator': 'N/A', 'note': 'N/A'}}",-4.0,19.290000915527344,110.65599822998047,"Longwan, Qionghai, China",N/A,N/A,temperature,temperature - manually assigned by DoD2k authors for paleoData_proxy = Sr/Ca,https://www.ncdc.noaa.gov/paleo/study/34412,CoralHydro2k v1.0.1,nan,Sr/Ca,Porites lutea,mmol/mol,SrCa,CE
ch2k_LI94SEC01_436,Coral,LI94SEC01,N/A,-3.0,7.982999801635742,-82.05000305175781,"Secas Island, Panama",N/A,N/A,temperature+moisture,temperature+moisture - manually assigned by DoD2k authors for paleoData_proxy = d18O,https://www.ncdc.noaa.gov/paleo/study/1853,CoralHydro2k v1.0.1,nan,d18O,Porites lobata,permil,d18O,CE
ch2k_ZI15CLE01_438,Coral,ZI15CLE01,"{0: {'duplicate ID': 'ch2k_ZI15CLE01_440', 'duplicate database': 'CoralHydro2k v1.0.1', 'duplicate decision': 'REMOVE', 'decision type': 'AUTO: IDENTICAL', 'operator': 'N/A', 'note': 'N/A'}}",-10.0,-17.260000228881836,119.26000213623047,"Rowley Shoals, Australia",N/A,N/A,temperature,temperature - manually assigned by DoD2k authors for paleoData_proxy = Sr/Ca,https://www.ncdc.noaa.gov/paleo/study/19239,CoralHydro2k v1.0.1,"Sr/Ca-SST recconstructed with composite plus scale method to ERSSTv3b, no regression applied",Sr/Ca,Porites sp.,mmol/mol,SrCa,CE
ch2k_MU18RED02_442,Coral,MU18RED02,N/A,-4.5,25.579999923706055,36.54999923706055,"Popponesset, Red Sea",N/A,N/A,temperature,temperature - manually assigned by DoD2k authors for paleoData_proxy = Sr/Ca,https://www.ncdc.noaa.gov/paleo/study/34393,CoralHydro2k v1.0.1,Mean SST ranges given in paper for northern reef 7.7C; for southern reefs 5.8C,Sr/Ca,Porites lutea,mmol/mol,SrCa,CE
ch2k_ZI08MAY01_446,Coral,ZI08MAY01,N/A,-2.0,-12.649999618530273,45.099998474121094,Mayotte,N/A,N/A,temperature,temperature - manually assigned by DoD2k authors for paleoData_proxy = Sr/Ca,https://www.ncdc.noaa.gov/paleo/study/8424,CoralHydro2k v1.0.1,"in situ d18o; for annual (sr/Ca, slope- -0.0583, intercept - 10.378)",Sr/Ca,Porites solida,mmol/mol,SrCa,CE
ch2k_TU01DEP01_450,Coral,TU01DEP01,N/A,-3.0,-5.2170000076293945,145.81700134277344,"Madang Lagoon, Papua New Guinea",N/A,N/A,temperature+moisture,temperature+moisture - manually assigned by DoD2k authors for paleoData_proxy = d18O,https://www.ncdc.noaa.gov/paleo/study/1866,CoralHydro2k v1.0.1,monthly correlations not reimported,d18O,Porites sp.,permil,d18O,CE
ch2k_CO03PAL04_452,Coral,CO03PAL04,N/A,nan,5.869999885559082,-162.1300048828125,"Palmyra Island, United States Minor Outlying Islands",N/A,N/A,temperature+moisture,temperature+moisture - manually assigned by DoD2k authors for paleoData_proxy = d18O,https://www.ncdc.noaa.gov/paleo/study/1875,CoralHydro2k v1.0.1,nan,d18O,Porites lutea,permil,d18O,CE
ch2k_RA19PAI01_456,Coral,RA19PAI01,N/A,-4.0,18.540000915527344,122.1500015258789,"Palaui Island, Philippines",N/A,N/A,temperature,temperature - manually assigned by DoD2k authors for paleoData_proxy = Sr/Ca,https://www.ncdc.noaa.gov/paleo/study/27271,CoralHydro2k v1.0.1,"Sr/Ca calibration equation originally found in Ramos et al. 2017; Monthly Sr/Ca data available from 1880-2012; Monthly and seasonal (DJFM vs JJAS, data input on Jan and July) d18O data available from 1894-2012 and 1880-1893, respectively.",Sr/Ca,Porites lobata,mmol/mol,SrCa,CE
ch2k_AB15BHB01_458,Coral,AB15BHB01,N/A,-0.5,-6.53000020980835,105.62999725341797,"Batu Hitam Beach, Indonesia",N/A,N/A,temperature+moisture,temperature+moisture - manually assigned by DoD2k authors for paleoData_proxy = d18O,https://www.ncdc.noaa.gov/paleo/study/18895,CoralHydro2k v1.0.1,"monthly correlations not reported, instead used IOD season",d18O,Porites sp.,permil,d18O,CE
ch2k_MO20KOI01_462,Coral,MO20KOI01,N/A,-3.0,5.300000190734863,163.0,"Kosrae Island, Fed. States of Micronesia",N/A,N/A,temperature+moisture,temperature+moisture - manually assigned by DoD2k authors for paleoData_proxy = d18O,https://www.ncdc.noaa.gov/paleo/study/31552,CoralHydro2k v1.0.1,nan,d18O,Porites sp.,permil,d18O,CE
ch2k_MO20KOI01_464,Coral,MO20KOI01,N/A,-3.0,5.300000190734863,163.0,"Kosrae Island, Fed. States of Micronesia",N/A,N/A,temperature,temperature - manually assigned by DoD2k authors for paleoData_proxy = Sr/Ca,https://www.ncdc.noaa.gov/paleo/study/31552,CoralHydro2k v1.0.1,nan,Sr/Ca,Porites sp.,mmol/mol,SrCa,CE
ch2k_DU94URV01_468,Coral,DU94URV01,"{0: {'duplicate ID': 'ch2k_DU94URV01_470', 'duplicate database': 'CoralHydro2k v1.0.1', 'duplicate decision': 'REMOVE', 'decision type': 'AUTO: IDENTICAL', 'operator': 'N/A', 'note': 'N/A'}}",-4.0,-0.4083999991416931,-91.23400115966797,"Urvina Bay, Isabela Island, Ecuador",N/A,N/A,temperature+moisture,temperature+moisture - manually assigned by DoD2k authors for paleoData_proxy = d18O,https://www.ncdc.noaa.gov/paleo/study/1850,CoralHydro2k v1.0.1,"Core was collected in a subhorizontal, not vertical, orientation from coral colony; indistinct growth banding in top 50 years of core",d18O,Pavona clavus,permil,d18O,CE
ch2k_CO03PAL08_472,Coral,CO03PAL08,N/A,nan,5.869999885559082,-162.1300048828125,"Palmyra Island, United States Minor Outlying Islands",N/A,N/A,temperature+moisture,temperature+moisture - manually assigned by DoD2k authors for paleoData_proxy = d18O,https://www.ncdc.noaa.gov/paleo/study/1875,CoralHydro2k v1.0.1,nan,d18O,Porites lutea,permil,d18O,CE
ch2k_WU14CLI01_476,Coral,WU14CLI01,N/A,nan,10.300000190734863,-109.22000122070312,Clipperton Island,N/A,N/A,temperature,temperature - manually assigned by DoD2k authors for paleoData_proxy = Sr/Ca,https://doi.pangaea.de/10.1594/PANGAEA.887712,CoralHydro2k v1.0.1,"Composite of cores C2B (13.1m depth), C4B (8.2m), C6A (11.3m), and CF1B (found on beach); reconstructed d18Osw data are anomalies",Sr/Ca,Porites lobata,mmol/mol,SrCa,CE
ch2k_ZI14TUR01_480,Coral,ZI14TUR01,"{0: {'duplicate ID': 'ch2k_ZI14TUR01_482', 'duplicate database': 'CoralHydro2k v1.0.1', 'duplicate decision': 'REMOVE', 'decision type': 'AUTO: IDENTICAL', 'operator': 'N/A', 'note': 'N/A'}}",-0.6000000238418579,-23.357200622558594,43.61949920654297,"Tulear Reef, Madagascar",N/A,N/A,temperature+moisture,temperature+moisture - manually assigned by DoD2k authors for paleoData_proxy = d18O,https://www.ncdc.noaa.gov/paleo/study/16438,CoralHydro2k v1.0.1,Published slopes based on composite coral results. Used -0.20.02 permil per 1 deg C regressions,d18O,Porites sp.,permil,d18O,CE
ch2k_LI99CLI01_486,Coral,LI99CLI01,N/A,-12.5,10.300000190734863,-109.22000122070312,Clipperton Island,N/A,N/A,temperature+moisture,temperature+moisture - manually assigned by DoD2k authors for paleoData_proxy = d18O,https://www.ncdc.noaa.gov/paleo/study/1846,CoralHydro2k v1.0.1,authors describe density banding as poor; some fish grazing scars,d18O,Porites lobata,permil,d18O,CE
ch2k_ZI15BUN01_488,Coral,ZI15BUN01,"{0: {'duplicate ID': 'ch2k_ZI15BUN01_490', 'duplicate database': 'CoralHydro2k v1.0.1', 'duplicate decision': 'REMOVE', 'decision type': 'AUTO: IDENTICAL', 'operator': 'N/A', 'note': 'N/A'}}",-2.0,-21.836000442504883,114.1780014038086,"Ningaloo Reef, Australia",N/A,N/A,temperature,temperature - manually assigned by DoD2k authors for paleoData_proxy = Sr/Ca,https://www.ncdc.noaa.gov/paleo/study/19239,CoralHydro2k v1.0.1,"Sr/Ca-SST recconstructed with composite plus scale method to ERSST3b, no regression applied",Sr/Ca,Porites sp.,mmol/mol,SrCa,CE
ch2k_FE18RUS01_492,Coral,FE18RUS01,N/A,-3.0,27.84830093383789,34.310001373291016,"Ras Umm Sidd, Egypt",N/A,N/A,temperature+moisture,temperature+moisture - manually assigned by DoD2k authors for paleoData_proxy = d18O,https://doi.pangaea.de/10.1594/PANGAEA.891094,CoralHydro2k v1.0.1,"Annual regression slopes (-0.29 / C, -0.115 mmol/mol / C) imply an apparent amplification of inferred SST variations on interannual and longer timescales.",d18O,Porites sp.,permil,d18O,CE
ch2k_FE18RUS01_494,Coral,FE18RUS01,N/A,-3.0,27.84830093383789,34.310001373291016,"Ras Umm Sidd, Egypt",N/A,N/A,temperature,temperature - manually assigned by DoD2k authors for paleoData_proxy = Sr/Ca,https://doi.pangaea.de/10.1594/PANGAEA.891094,CoralHydro2k v1.0.1,"Annual regression slopes (-0.29 / C, -0.115 mmol/mol / C) imply an apparent amplification of inferred SST variations on interannual and longer timescales.",Sr/Ca,Porites sp.,mmol/mol,SrCa,CE
ch2k_FE18RUS01_496,Coral,FE18RUS01,N/A,-3.0,27.84830093383789,34.310001373291016,"Ras Umm Sidd, Egypt",N/A,N/A,temperature,temperature - manually assigned by DoD2k authors for paleoData_proxy = Sr/Ca,https://doi.pangaea.de/10.1594/PANGAEA.891094,CoralHydro2k v1.0.1,"Annual regression slopes (-0.29 / C, -0.115 mmol/mol / C) imply an apparent amplification of inferred SST variations on interannual and longer timescales.",Sr/Ca,Porites sp.,mmol/mol,SrCa_annual,CE
ch2k_FE18RUS01_498,Coral,FE18RUS01,N/A,-3.0,27.84830093383789,34.310001373291016,"Ras Umm Sidd, Egypt",N/A,N/A,temperature+moisture,temperature+moisture - manually assigned by DoD2k authors for paleoData_proxy = d18O,https://doi.pangaea.de/10.1594/PANGAEA.891094,CoralHydro2k v1.0.1,"Annual regression slopes (-0.29 / C, -0.115 mmol/mol / C) imply an apparent amplification of inferred SST variations on interannual and longer timescales.",d18O,Porites sp.,permil,d18O_annual,CE
ch2k_WU13TON01_504,Coral,WU13TON01,"{0: {'duplicate ID': 'ch2k_WU13TON01_506', 'duplicate database': 'CoralHydro2k v1.0.1', 'duplicate decision': 'REMOVE', 'decision type': 'AUTO: IDENTICAL', 'operator': 'N/A', 'note': 'N/A'}}",-1.0,-19.933300018310547,-174.71670532226562,"Ha'afera, Tonga",N/A,N/A,temperature,temperature - manually assigned by DoD2k authors for paleoData_proxy = Sr/Ca,https://www.ncdc.noaa.gov/paleo/study/15238,CoralHydro2k v1.0.1,"Microatoll with core taken from top and side and spliced together; As with all coral timeseries, exact months are not known, so annual averages sometimes represent more or less than 12 months.",Sr/Ca,Porites lutea,mmol/mol,SrCa,CE
ch2k_KI14PAR01_510,Coral,KI14PAR01,"{0: {'duplicate ID': 'ch2k_KI14PAR01_518', 'duplicate database': 'CoralHydro2k v1.0.1', 'duplicate decision': 'REMOVE', 'decision type': 'AUTO: IDENTICAL', 'operator': 'N/A', 'note': 'N/A'}}",-7.0,18.0,-67.0,"La Parguera, Puerto Rico",N/A,N/A,temperature+moisture,temperature+moisture - manually assigned by DoD2k authors for paleoData_proxy = d18O,https://www.ncdc.noaa.gov/paleo/study/34953,CoralHydro2k v1.0.1,This is the bottom part of a core that included an unconformity. Base of the coral is u-series dated and age model is from bands counted up from there.,d18O,Orbicella faveolata,permil,d18O,CE
ch2k_KI14PAR01_512,Coral,KI14PAR01,"{0: {'duplicate ID': 'ch2k_KI14PAR01_516', 'duplicate database': 'CoralHydro2k v1.0.1', 'duplicate decision': 'REMOVE', 'decision type': 'AUTO: IDENTICAL', 'operator': 'N/A', 'note': 'N/A'}}",-7.0,18.0,-67.0,"La Parguera, Puerto Rico",N/A,N/A,temperature,temperature - manually assigned by DoD2k authors for paleoData_proxy = Sr/Ca,https://www.ncdc.noaa.gov/paleo/study/34953,CoralHydro2k v1.0.1,This is the bottom part of a core that included an unconformity. Base of the coral is u-series dated and age model is from bands counted up from there.,Sr/Ca,Orbicella faveolata,mmol/mol,SrCa,CE
ch2k_ZI14IFR02_522,Coral,ZI14IFR02,"{0: {'duplicate ID': 'ch2k_ZI14IFR02_524', 'duplicate database': 'CoralHydro2k v1.0.1', 'duplicate decision': 'REMOVE', 'decision type': 'AUTO: IDENTICAL', 'operator': 'N/A', 'note': 'N/A'}}",-1.7999999523162842,-23.15730094909668,43.588199615478516,"Ifaty Reef, Madagascar",N/A,N/A,temperature+moisture,temperature+moisture - manually assigned by DoD2k authors for paleoData_proxy = d18O,https://www.ncdc.noaa.gov/paleo/study/16438,CoralHydro2k v1.0.1,Published slopes based on composite coral results. Used -0.20.02 permil per 1 deg C regressions,d18O,Porites sp.,permil,d18O,CE
ch2k_XU15BVI02_526,Coral,XU15BVI02,N/A,nan,18.719999313354492,-64.31670379638672,"Anegada, British Virgin Islands",N/A,N/A,temperature,temperature - manually assigned by DoD2k authors for paleoData_proxy = Sr/Ca,https://www.ncdc.noaa.gov/paleo/study/21011,CoralHydro2k v1.0.1,nan,Sr/Ca,Pseudodiploria strigosa,mmol/mol,SrCa,CE
ch2k_NU09KIR01_540,Coral,NU09KIR01,N/A,-9.0,1.8667000532150269,-157.39999389648438,"Kiritimati (Christmas) Island, Republic of Kiribati",N/A,N/A,temperature+moisture,temperature+moisture - manually assigned by DoD2k authors for paleoData_proxy = d18O,https://www.ncdc.noaa.gov/paleo/study/8609,CoralHydro2k v1.0.1,nan,d18O,Porites sp.,permil,d18O,CE
ch2k_NU09KIR01_542,Coral,NU09KIR01,N/A,-9.0,1.8667000532150269,-157.39999389648438,"Kiritimati (Christmas) Island, Republic of Kiribati",N/A,N/A,temperature,temperature - manually assigned by DoD2k authors for paleoData_proxy = Sr/Ca,https://www.ncdc.noaa.gov/paleo/study/8609,CoralHydro2k v1.0.1,nan,Sr/Ca,Porites sp.,mmol/mol,SrCa,CE
ch2k_RI10PBL01_546,Coral,RI10PBL01,N/A,-6.0,11.5,92.69000244140625,"Port Blair, Andaman Islands, India",N/A,N/A,temperature+moisture,temperature+moisture - manually assigned by DoD2k authors for paleoData_proxy = d18O,https://www.ncdc.noaa.gov/paleo/study/9639,CoralHydro2k v1.0.1,slope and y-intercept information only available for mean annual calibrations,d18O,Porites lutea,permil,d18O,CE
ch2k_CA14BUT01_548,Coral,CA14BUT01,N/A,-5.0,3.200000047683716,172.8000030517578,"Butaritari Atoll, Republic of Kiribati",N/A,N/A,temperature+moisture,temperature+moisture - manually assigned by DoD2k authors for paleoData_proxy = d18O,https://www.ncdc.noaa.gov/paleo/study/17289,CoralHydro2k v1.0.1,"used published values (i.e., not locally derived) for Sr/Ca-SST and d18O-SST slopes",d18O,Porites sp.,permil,d18O,CE
ch2k_CA14BUT01_550,Coral,CA14BUT01,N/A,-5.0,3.200000047683716,172.8000030517578,"Butaritari Atoll, Republic of Kiribati",N/A,N/A,temperature,temperature - manually assigned by DoD2k authors for paleoData_proxy = Sr/Ca,https://www.ncdc.noaa.gov/paleo/study/17289,CoralHydro2k v1.0.1,"used published values (i.e., not locally derived) for Sr/Ca-SST and d18O-SST slopes",Sr/Ca,Porites sp.,mmol/mol,SrCa,CE
ch2k_BA04FIJ01_558,Coral,BA04FIJ01,N/A,-2.0,-16.81999969482422,179.22999572753906,"Savusavu Bay, Vanua Levu, Fiji",N/A,N/A,temperature+moisture,temperature+moisture - manually assigned by DoD2k authors for paleoData_proxy = d18O,https://www.ncdc.noaa.gov/paleo/study/1881,CoralHydro2k v1.0.1,nan,d18O,Diploastrea heliopora,permil,d18O,CE
ch2k_GO08BER01_572,Coral,GO08BER01,N/A,-16.0,32.33000183105469,-64.68000030517578,Bermuda,N/A,N/A,temperature,temperature - manually assigned by DoD2k authors for paleoData_proxy = Sr/Ca,https://www.ncdc.noaa.gov/paleo/study/34394,CoralHydro2k v1.0.1,See Goodkin et al 2005 for interannual Sr/Ca calibration,Sr/Ca,Diploria labyrinthiformis,mmol/mol,SrCa_annual,CE
ch2k_GO08BER01_574,Coral,GO08BER01,N/A,-16.0,32.33000183105469,-64.68000030517578,Bermuda,N/A,N/A,temperature+moisture,temperature+moisture - manually assigned by DoD2k authors for paleoData_proxy = d18O,https://www.ncdc.noaa.gov/paleo/study/34394,CoralHydro2k v1.0.1,See Goodkin et al 2005 for interannual Sr/Ca calibration,d18O,Diploria labyrinthiformis,permil,d18O_annual,CE
ch2k_LI06FIJ01_582,Coral,LI06FIJ01,N/A,-10.0,-16.81999969482422,179.22999572753906,"Savusavu Bay, Vanua Levu, Fiji",N/A,N/A,temperature+moisture,temperature+moisture - manually assigned by DoD2k authors for paleoData_proxy = d18O,https://www.ncdc.noaa.gov/paleo/study/1003973,CoralHydro2k v1.0.1,mm-scale drilling but available data is at annual resolution,d18O,Porites lutea,permil,d18O,CE
ch2k_HE18COC01_584,Coral,HE18COC01,N/A,-5.800000190734863,-12.087499618530273,96.87519836425781,"Cocos (Keeling) Islands, Australia",N/A,N/A,temperature+moisture,temperature+moisture - manually assigned by DoD2k authors for paleoData_proxy = d18O,https://www.ncdc.noaa.gov/paleo/study/23390,CoralHydro2k v1.0.1,Sr/Ca regression slope error is estimated to be (+/-) 0.21 degrees C; Used the Zinke (2015) method - normalised and scaled to the s.d. SST box of the period 1961-1990; equation based on composite of 2 cores,d18O,Porites sp.,permil,d18O,CE
ch2k_HE18COC01_586,Coral,HE18COC01,N/A,-5.800000190734863,-12.087499618530273,96.87519836425781,"Cocos (Keeling) Islands, Australia",N/A,N/A,temperature,temperature - manually assigned by DoD2k authors for paleoData_proxy = Sr/Ca,https://www.ncdc.noaa.gov/paleo/study/23390,CoralHydro2k v1.0.1,Sr/Ca regression slope error is estimated to be (+/-) 0.21 degrees C; Used the Zinke (2015) method - normalised and scaled to the s.d. SST box of the period 1961-1990; equation based on composite of 2 cores,Sr/Ca,Porites sp.,mmol/mol,SrCa,CE
ch2k_FL17DTO01_590,Coral,FL17DTO01,N/A,-3.4000000953674316,24.69860076904297,-82.79859924316406,"Dry Tortugas, Florida, USA",N/A,N/A,temperature,temperature - manually assigned by DoD2k authors for paleoData_proxy = Sr/Ca,https://www.ncdc.noaa.gov/paleo/study/34552,CoralHydro2k v1.0.1,nan,Sr/Ca,Orbicella faveolata,mmol/mol,SrCa,CE
ch2k_FL17DTO01_592,Coral,FL17DTO01,N/A,-3.4000000953674316,24.69860076904297,-82.79859924316406,"Dry Tortugas, Florida, USA",N/A,N/A,temperature,temperature - manually assigned by DoD2k authors for paleoData_proxy = Sr/Ca,https://www.ncdc.noaa.gov/paleo/study/34552,CoralHydro2k v1.0.1,nan,Sr/Ca,Orbicella faveolata,mmol/mol,SrCa_annual,CE
ch2k_BO99MOO01_594,Coral,BO99MOO01,N/A,-5.0,-17.5,-149.8300018310547,"Moorea, French Polynesia",N/A,N/A,temperature+moisture,temperature+moisture - manually assigned by DoD2k authors for paleoData_proxy = d18O,https://www.ncdc.noaa.gov/paleo/study/1876,CoralHydro2k v1.0.1,7 calibration equations are available in Boiseau et al. 1998 (this database contains Equation (1) information),d18O,Porites lutea,permil,d18O,CE
ch2k_CH03LOM01_596,Coral,CH03LOM01,N/A,-5.0,-8.25,115.5,"Padang Bai, Bali, Indonesia",N/A,N/A,temperature+moisture,temperature+moisture - manually assigned by DoD2k authors for paleoData_proxy = d18O,https://www.ncdc.noaa.gov/paleo/study/1903,CoralHydro2k v1.0.1,This paper did not calibrate the d18O proxy or reconstruct temperature. It instead analyzed variability through time by directly using the d18O proxy.,d18O,Porites sp.,permil,d18O,CE
ch2k_SA19PAL01_598,Coral,SA19PAL01,N/A,-10.0,5.877999782562256,-162.14199829101562,"Palmyra Island, United States Minor Outlying Islands",N/A,N/A,temperature+moisture,temperature+moisture - manually assigned by DoD2k authors for paleoData_proxy = d18O,https://www.ncdc.noaa.gov/paleo/study/34692,CoralHydro2k v1.0.1,nan,d18O,Porites sp.,permil,d18O,CE
ch2k_SA19PAL01_600,Coral,SA19PAL01,N/A,-10.0,5.877999782562256,-162.14199829101562,"Palmyra Island, United States Minor Outlying Islands",N/A,N/A,temperature,temperature - manually assigned by DoD2k authors for paleoData_proxy = Sr/Ca,https://www.ncdc.noaa.gov/paleo/study/34692,CoralHydro2k v1.0.1,nan,Sr/Ca,Porites sp.,mmol/mol,SrCa,CE
ch2k_CH97BVB01_602,Coral,CH97BVB01,N/A,-7.0,-4.616199970245361,55.81700134277344,"Mahe Island, Republic of the Seychelles",N/A,N/A,temperature+moisture,temperature+moisture - manually assigned by DoD2k authors for paleoData_proxy = d18O,https://www.ncdc.noaa.gov/paleo/study/1857,CoralHydro2k v1.0.1,nan,d18O,Porites lutea,permil,d18O,CE
ch2k_RA20TAI01_606,Coral,RA20TAI01,N/A,-6.0,21.899999618530273,120.69999694824219,"Houbihu, Taiwan",N/A,N/A,temperature,temperature - manually assigned by DoD2k authors for paleoData_proxy = Sr/Ca,https://www.ncdc.noaa.gov/paleo/study/29412,CoralHydro2k v1.0.1,"Monthly Sr/Ca data available from 1788-2013; Monthly and seasonal (DJFM vs JJAS, data input on Jan and July) d18O data available from 1906-2013 and 1788-1905 respectively.",Sr/Ca,Porites sp.,mmol/mol,SrCa,CE
ch2k_composite_st_ch2k_FL18DTO01_460_ch2k_FL18DTO02_554,Coral,"FL18DTO01, FL18DTO02","{'duplicate ID': 'ch2k_FL18DTO01_460 and ch2k_FL18DTO02_554', 'duplicate database': 'CoralHydro2k v1.0.1 and CoralHydro2k v1.0.1', 'duplicate decision': 'COMPOSITE', 'decision type': 'MANUAL', 'composite details': 'Metadata differs for geo_meanLon in original records: ch2k_FL18DTO01_460 (-82.7983) and ch2k_FL18DTO02_554 (-82.7949). Metadata averaged to: -82.7966', 'operator': ' Operated by Lucie Luecke (LL) ljluec1@st-andrews.ac.uk  Created on 2025-11-11 082600.242025 (UTC)', 'note': nan, 'original duplicate details': {'ch2k_FL18DTO01_460': 'N/A', 'ch2k_FL18DTO02_554': 'N/A'}}",-3.5500001907348633,24.69499969482422,-82.79660034179688,"Dry Tortugas, Florida, USA",N/A,N/A,temperature,"ch2k_FL18DTO01_460: temperature - manually assigned by DoD2k authors for paleoData_proxy = Sr/Ca, ch2k_FL18DTO02_554: temperature - manually assigned by DoD2k authors for paleoData_proxy = Sr/Ca","ch2k_FL18DTO01_460: https://www.ncdc.noaa.gov/paleo/study/34553, ch2k_FL18DTO02_554: https://www.ncdc.noaa.gov/paleo/study/34553",ch2k_composite_standardised,"ch2k_FL18DTO01_460: nan, ch2k_FL18DTO02_554: nan",Sr/Ca,nan,z-scores,nan,CE
